comp,season,matchid,date,stage,teamH,idH,teamA,idA,duration,scoreH,scoreA,scoreH90,scoreA90,scoreHet,scoreAet,scoreHpens,scoreApens,tieid,tieno
CL,2017,200068,2017-06-27T16:00:00Z,1ST_QUALIFYING_ROUND,FC Alashkert,1870,FC Santa Coloma,1879,REGULAR,1,0,1,0,0,0,0,0,1870|1879,1
CL,2017,200064,2017-06-27T18:00:00Z,1ST_QUALIFYING_ROUND,Víkingur Gøta,1905,KF Trepça '89 Mitrovicë,1906,REGULAR,2,1,2,1,0,0,0,0,1905|1906,1
CL,2017,200066,2017-06-27T18:00:00Z,1ST_QUALIFYING_ROUND,Hibernians FC,1892,FCI Tallinn,1882,REGULAR,2,0,2,0,0,0,0,0,1882|1892,1
CL,2017,200070,2017-06-27T18:00:00Z,1ST_QUALIFYING_ROUND,The New Saints FC,1904,Europa FC,1874,REGULAR,1,2,1,2,0,0,0,0,1874|1904,1
CL,2017,200072,2017-06-28T18:45:00Z,1ST_QUALIFYING_ROUND,Linfield FC,1896,SP La Fiorita,1902,REGULAR,1,0,1,0,0,0,0,0,1896|1902,1
CL,2017,200065,2017-07-04T16:00:00Z,1ST_QUALIFYING_ROUND,KF Trepça '89 Mitrovicë,1906,Víkingur Gøta,1905,REGULAR,1,4,1,4,0,0,0,0,1905|1906,2
CL,2017,200067,2017-07-04T16:00:00Z,1ST_QUALIFYING_ROUND,FCI Tallinn,1882,Hibernians FC,1892,REGULAR,0,1,0,1,0,0,0,0,1882|1892,2
CL,2017,200071,2017-07-04T17:30:00Z,1ST_QUALIFYING_ROUND,Europa FC,1874,The New Saints FC,1904,EXTRA_TIME,1,3,1,2,0,1,0,0,1874|1904,2
CL,2017,200069,2017-07-04T18:30:00Z,1ST_QUALIFYING_ROUND,FC Santa Coloma,1879,FC Alashkert,1870,REGULAR,1,1,1,1,0,0,0,0,1870|1879,2
CL,2017,200073,2017-07-04T18:30:00Z,1ST_QUALIFYING_ROUND,SP La Fiorita,1902,Linfield FC,1896,REGULAR,0,0,0,0,0,0,0,0,1896|1902,2
CL,2017,200078,2017-07-11T17:00:00Z,2ND_QUALIFYING_ROUND,Qarabağ Ağdam FK,611,FC Samtredia,1878,REGULAR,5,0,5,0,0,0,0,0,611|1878,1
CL,2017,200098,2017-07-11T18:30:00Z,2ND_QUALIFYING_ROUND,Hibernians FC,1892,FC Red Bull Salzburg,1877,REGULAR,0,3,0,3,0,0,0,0,1877|1892,1
CL,2017,200080,2017-07-11T18:45:00Z,2ND_QUALIFYING_ROUND,FK Partizan Beograd,850,FK Budućnost Podgorica,1885,REGULAR,2,0,2,0,0,0,0,0,850|1885,1
CL,2017,200102,2017-07-11T18:45:00Z,2ND_QUALIFYING_ROUND,HNK Rijeka,1893,The New Saints FC,1904,REGULAR,2,0,2,0,0,0,0,0,1893|1904,1
CL,2017,200084,2017-07-12T16:00:00Z,2ND_QUALIFYING_ROUND,FK Spartaks Jūrmala,1888,Astana FK,1884,REGULAR,0,1,0,1,0,0,0,0,1884|1888,1
CL,2017,200074,2017-07-12T17:00:00Z,2ND_QUALIFYING_ROUND,APOEL FC,752,F91 Diddeleng,1875,REGULAR,1,0,1,0,0,0,0,0,752|1875,1
CL,2017,200082,2017-07-12T17:00:00Z,2ND_QUALIFYING_ROUND,FC Sheriff Tiraspol,1880,FK Kukësi,1886,REGULAR,1,0,1,0,0,0,0,0,1880|1886,1
CL,2017,200088,2017-07-12T17:00:00Z,2ND_QUALIFYING_ROUND,Hapoel Be'er Sheva FC,1891,Budapest Honvéd FC,1872,REGULAR,2,1,2,1,0,0,0,0,1872|1891,1
CL,2017,200090,2017-07-12T17:00:00Z,2ND_QUALIFYING_ROUND,Malmö FF,749,FK Vardar Skopje,1889,REGULAR,1,1,1,1,0,0,0,0,749|1889,1
CL,2017,200092,2017-07-12T17:00:00Z,2ND_QUALIFYING_ROUND,HŠK Zrinjski Mostar,1894,NK Maribor,734,REGULAR,1,2,1,2,0,0,0,0,734|1894,1
CL,2017,200100,2017-07-12T17:30:00Z,2ND_QUALIFYING_ROUND,FK BATE Borisov,748,FC Alashkert,1870,REGULAR,1,1,1,1,0,0,0,0,748|1870,1
CL,2017,200076,2017-07-12T18:00:00Z,2ND_QUALIFYING_ROUND,FK Žalgiris Vilnius,1890,PFK Ludogorets 1945 Razgrad,1901,REGULAR,2,1,2,1,0,0,0,0,1890|1901,1
CL,2017,200096,2017-07-12T18:00:00Z,2ND_QUALIFYING_ROUND,IFK Mariehamn,1895,Legia Warszawa,1105,REGULAR,0,3,0,3,0,0,0,0,1105|1895,1
CL,2017,200086,2017-07-12T18:15:00Z,2ND_QUALIFYING_ROUND,MSK Žilina,1898,FC København,1876,REGULAR,1,3,1,3,0,0,0,0,1876|1898,1
CL,2017,200094,2017-07-12T18:45:00Z,2ND_QUALIFYING_ROUND,Dundalk FC,1873,Rosenborg BK,889,REGULAR,1,1,1,1,0,0,0,0,889|1873,1
CL,2017,200104,2017-07-12T19:15:00Z,2ND_QUALIFYING_ROUND,FH Hafnarfjörður,1907,Víkingur Gøta,1905,REGULAR,1,1,1,1,0,0,0,0,1905|1907,1
CL,2017,200106,2017-07-14T16:00:00Z,2ND_QUALIFYING_ROUND,Linfield FC,1896,Celtic FC,732,REGULAR,0,2,0,2,0,0,0,0,732|1896,1
CL,2017,200085,2017-07-18T14:00:00Z,2ND_QUALIFYING_ROUND,Astana FK,1884,FK Spartaks Jūrmala,1888,REGULAR,1,1,1,1,0,0,0,0,1884|1888,2
CL,2017,200091,2017-07-18T16:00:00Z,2ND_QUALIFYING_ROUND,FK Vardar Skopje,1889,Malmö FF,749,REGULAR,3,1,3,1,0,0,0,0,749|1889,2
CL,2017,200101,2017-07-18T16:00:00Z,2ND_QUALIFYING_ROUND,FC Alashkert,1870,FK BATE Borisov,748,REGULAR,1,3,1,3,0,0,0,0,748|1870,2
CL,2017,200079,2017-07-18T17:00:00Z,2ND_QUALIFYING_ROUND,FC Samtredia,1878,Qarabağ Ağdam FK,611,REGULAR,0,1,0,1,0,0,0,0,611|1878,2
CL,2017,200103,2017-07-18T18:00:00Z,2ND_QUALIFYING_ROUND,The New Saints FC,1904,HNK Rijeka,1893,REGULAR,1,5,1,5,0,0,0,0,1893|1904,2
CL,2017,200105,2017-07-18T18:00:00Z,2ND_QUALIFYING_ROUND,Víkingur Gøta,1905,FH Hafnarfjörður,1907,REGULAR,0,2,0,2,0,0,0,0,1905|1907,2
CL,2017,200081,2017-07-18T18:45:00Z,2ND_QUALIFYING_ROUND,FK Budućnost Podgorica,1885,FK Partizan Beograd,850,REGULAR,0,0,0,0,0,0,0,0,850|1885,2
CL,2017,200075,2017-07-19T16:00:00Z,2ND_QUALIFYING_ROUND,F91 Diddeleng,1875,APOEL FC,752,REGULAR,0,1,0,1,0,0,0,0,752|1875,2
CL,2017,200095,2017-07-19T17:15:00Z,2ND_QUALIFYING_ROUND,Rosenborg BK,889,Dundalk FC,1873,EXTRA_TIME,2,1,1,1,1,0,0,0,889|1873,2
CL,2017,200083,2017-07-19T17:30:00Z,2ND_QUALIFYING_ROUND,FK Kukësi,1886,FC Sheriff Tiraspol,1880,REGULAR,2,1,2,1,0,0,0,0,1880|1886,2
CL,2017,200087,2017-07-19T17:30:00Z,2ND_QUALIFYING_ROUND,FC København,1876,MSK Žilina,1898,REGULAR,1,2,1,2,0,0,0,0,1876|1898,2
CL,2017,200077,2017-07-19T18:00:00Z,2ND_QUALIFYING_ROUND,PFK Ludogorets 1945 Razgrad,1901,FK Žalgiris Vilnius,1890,REGULAR,4,1,4,1,0,0,0,0,1890|1901,2
CL,2017,200093,2017-07-19T18:15:00Z,2ND_QUALIFYING_ROUND,NK Maribor,734,HŠK Zrinjski Mostar,1894,REGULAR,1,1,1,1,0,0,0,0,734|1894,2
CL,2017,200099,2017-07-19T18:30:00Z,2ND_QUALIFYING_ROUND,FC Red Bull Salzburg,1877,Hibernians FC,1892,REGULAR,3,0,3,0,0,0,0,0,1877|1892,2
CL,2017,200097,2017-07-19T18:45:00Z,2ND_QUALIFYING_ROUND,Legia Warszawa,1105,IFK Mariehamn,1895,REGULAR,6,0,6,0,0,0,0,0,1105|1895,2
CL,2017,200107,2017-07-19T18:45:00Z,2ND_QUALIFYING_ROUND,Celtic FC,732,Linfield FC,1896,REGULAR,4,0,4,0,0,0,0,0,732|1896,2
CL,2017,200089,2017-07-19T19:15:00Z,2ND_QUALIFYING_ROUND,Budapest Honvéd FC,1872,Hapoel Be'er Sheva FC,1891,REGULAR,2,3,2,3,0,0,0,0,1872|1891,2
CL,2017,200120,2017-07-25T17:00:00Z,3RD_QUALIFYING_ROUND,SK Slavia Praha,930,FK BATE Borisov,748,REGULAR,1,0,1,0,0,0,0,0,748|930,1
CL,2017,200130,2017-07-25T17:00:00Z,3RD_QUALIFYING_ROUND,Qarabağ Ağdam FK,611,FC Sheriff Tiraspol,1880,REGULAR,0,0,0,0,0,0,0,0,611|1880,1
CL,2017,200108,2017-07-25T17:30:00Z,3RD_QUALIFYING_ROUND,FCSB,1883,FC Viktoria Plzeň,1881,REGULAR,2,2,2,2,0,0,0,0,1881|1883,1
CL,2017,200114,2017-07-25T17:30:00Z,3RD_QUALIFYING_ROUND,PAE AEK,1899,PFC CSKA Moskva,1900,REGULAR,0,2,0,2,0,0,0,0,1899|1900,1
CL,2017,200134,2017-07-25T18:00:00Z,3RD_QUALIFYING_ROUND,FK Vardar Skopje,1889,FC København,1876,REGULAR,1,0,1,0,0,0,0,0,1876|1889,1
CL,2017,200118,2017-07-25T18:45:00Z,3RD_QUALIFYING_ROUND,FK Partizan Beograd,850,PAE Olympiakos SFP,654,REGULAR,1,3,1,3,0,0,0,0,654|850,1
CL,2017,200132,2017-07-26T14:00:00Z,3RD_QUALIFYING_ROUND,Astana FK,1884,Legia Warszawa,1105,REGULAR,3,1,3,1,0,0,0,0,1105|1884,1
CL,2017,200112,2017-07-26T16:30:00Z,3RD_QUALIFYING_ROUND,FK Dynamo Kyiv,842,BSC Young Boys,1871,REGULAR,3,1,3,1,0,0,0,0,842|1871,1
CL,2017,200128,2017-07-26T16:45:00Z,3RD_QUALIFYING_ROUND,FC Red Bull Salzburg,1877,HNK Rijeka,1893,REGULAR,1,1,1,1,0,0,0,0,1877|1893,1
CL,2017,200124,2017-07-26T17:00:00Z,3RD_QUALIFYING_ROUND,Hapoel Be'er Sheva FC,1891,PFK Ludogorets 1945 Razgrad,1901,REGULAR,2,0,2,0,0,0,0,0,1891|1901,1
CL,2017,200122,2017-07-26T18:00:00Z,3RD_QUALIFYING_ROUND,FC Viitorul Constanţa,708,APOEL FC,752,REGULAR,1,0,1,0,0,0,0,0,708|752,1
CL,2017,200126,2017-07-26T18:20:00Z,3RD_QUALIFYING_ROUND,NK Maribor,734,FH Hafnarfjörður,1907,REGULAR,1,0,1,0,0,0,0,0,734|1907,1
CL,2017,200110,2017-07-26T18:45:00Z,3RD_QUALIFYING_ROUND,OGC Nice,522,AFC Ajax,678,REGULAR,1,1,1,1,0,0,0,0,522|678,1
CL,2017,200136,2017-07-26T18:45:00Z,3RD_QUALIFYING_ROUND,Celtic FC,732,Rosenborg BK,889,REGULAR,0,0,0,0,0,0,0,0,732|889,1
CL,2017,200116,2017-07-26T19:00:00Z,3RD_QUALIFYING_ROUND,Club Brugge KV,851,Medipol Başakşehir FK,1897,REGULAR,3,3,3,3,0,0,0,0,851|1897,1
CL,2017,200131,2017-08-01T17:00:00Z,3RD_QUALIFYING_ROUND,FC Sheriff Tiraspol,1880,Qarabağ Ağdam FK,611,REGULAR,1,2,1,2,0,0,0,0,611|1880,2
CL,2017,200115,2017-08-02T17:00:00Z,3RD_QUALIFYING_ROUND,PFC CSKA Moskva,1900,PAE AEK,1899,REGULAR,1,0,1,0,0,0,0,0,1899|1900,2
CL,2017,200121,2017-08-02T17:00:00Z,3RD_QUALIFYING_ROUND,FK BATE Borisov,748,SK Slavia Praha,930,REGULAR,2,1,2,1,0,0,0,0,748|930,2
CL,2017,200123,2017-08-02T17:00:00Z,3RD_QUALIFYING_ROUND,APOEL FC,752,FC Viitorul Constanţa,708,EXTRA_TIME,4,0,1,0,3,0,0,0,708|752,2
CL,2017,200117,2017-08-02T17:45:00Z,3RD_QUALIFYING_ROUND,Medipol Başakşehir FK,1897,Club Brugge KV,851,REGULAR,2,0,2,0,0,0,0,0,851|1897,2
CL,2017,200135,2017-08-02T18:00:00Z,3RD_QUALIFYING_ROUND,FC København,1876,FK Vardar Skopje,1889,REGULAR,4,1,4,1,0,0,0,0,1876|1889,2
CL,2017,200109,2017-08-02T18:15:00Z,3RD_QUALIFYING_ROUND,FC Viktoria Plzeň,1881,FCSB,1883,REGULAR,1,4,1,4,0,0,0,0,1881|1883,2
CL,2017,200113,2017-08-02T18:15:00Z,3RD_QUALIFYING_ROUND,BSC Young Boys,1871,FK Dynamo Kyiv,842,REGULAR,2,0,2,0,0,0,0,0,842|1871,2
CL,2017,200125,2017-08-02T18:30:00Z,3RD_QUALIFYING_ROUND,PFK Ludogorets 1945 Razgrad,1901,Hapoel Be'er Sheva FC,1891,REGULAR,3,1,3,1,0,0,0,0,1891|1901,2
CL,2017,200127,2017-08-02T18:30:00Z,3RD_QUALIFYING_ROUND,FH Hafnarfjörður,1907,NK Maribor,734,REGULAR,0,1,0,1,0,0,0,0,734|1907,2
CL,2017,200111,2017-08-02T18:45:00Z,3RD_QUALIFYING_ROUND,AFC Ajax,678,OGC Nice,522,REGULAR,2,2,2,2,0,0,0,0,522|678,2
CL,2017,200119,2017-08-02T18:45:00Z,3RD_QUALIFYING_ROUND,PAE Olympiakos SFP,654,FK Partizan Beograd,850,REGULAR,2,2,2,2,0,0,0,0,654|850,2
CL,2017,200129,2017-08-02T18:45:00Z,3RD_QUALIFYING_ROUND,HNK Rijeka,1893,FC Red Bull Salzburg,1877,REGULAR,0,0,0,0,0,0,0,0,1877|1893,2
CL,2017,200133,2017-08-02T18:45:00Z,3RD_QUALIFYING_ROUND,Legia Warszawa,1105,Astana FK,1884,REGULAR,1,0,1,0,0,0,0,0,1105|1884,2
CL,2017,200137,2017-08-02T18:45:00Z,3RD_QUALIFYING_ROUND,Rosenborg BK,889,Celtic FC,732,REGULAR,0,1,0,1,0,0,0,0,732|889,2
CL,2017,200138,2017-08-15T16:00:00Z,PLAY_OFF_ROUND,Qarabağ Ağdam FK,611,FC København,1876,REGULAR,1,0,1,0,0,0,0,0,611|1876,1
CL,2017,200140,2017-08-15T18:45:00Z,PLAY_OFF_ROUND,APOEL FC,752,SK Slavia Praha,930,REGULAR,2,0,2,0,0,0,0,0,752|930,1
CL,2017,200150,2017-08-15T18:45:00Z,PLAY_OFF_ROUND,BSC Young Boys,1871,PFC CSKA Moskva,1900,REGULAR,0,1,0,1,0,0,0,0,1871|1900,1
CL,2017,200154,2017-08-15T18:45:00Z,PLAY_OFF_ROUND,TSG 1899 Hoffenheim,2,Liverpool FC,64,REGULAR,1,2,1,2,0,0,0,0,2|64,1
CL,2017,200156,2017-08-15T18:45:00Z,PLAY_OFF_ROUND,Sporting Clube de Portugal,498,FCSB,1883,REGULAR,0,0,0,0,0,0,0,0,498|1883,1
CL,2017,200142,2017-08-16T18:45:00Z,PLAY_OFF_ROUND,PAE Olympiakos SFP,654,HNK Rijeka,1893,REGULAR,2,1,2,1,0,0,0,0,654|1893,1
CL,2017,200144,2017-08-16T18:45:00Z,PLAY_OFF_ROUND,Celtic FC,732,Astana FK,1884,REGULAR,5,0,5,0,0,0,0,0,732|1884,1
CL,2017,200146,2017-08-16T18:45:00Z,PLAY_OFF_ROUND,Hapoel Be'er Sheva FC,1891,NK Maribor,734,REGULAR,2,1,2,1,0,0,0,0,734|1891,1
CL,2017,200148,2017-08-16T18:45:00Z,PLAY_OFF_ROUND,Medipol Başakşehir FK,1897,Sevilla FC,559,REGULAR,1,2,1,2,0,0,0,0,559|1897,1
CL,2017,200152,2017-08-16T18:45:00Z,PLAY_OFF_ROUND,SSC Napoli,113,OGC Nice,522,REGULAR,2,0,2,0,0,0,0,0,113|522,1
CL,2017,200145,2017-08-22T15:30:00Z,PLAY_OFF_ROUND,Astana FK,1884,Celtic FC,732,REGULAR,4,3,4,3,0,0,0,0,732|1884,2
CL,2017,200143,2017-08-22T18:45:00Z,PLAY_OFF_ROUND,HNK Rijeka,1893,PAE Olympiakos SFP,654,REGULAR,0,1,0,1,0,0,0,0,654|1893,2
CL,2017,200147,2017-08-22T18:45:00Z,PLAY_OFF_ROUND,NK Maribor,734,Hapoel Be'er Sheva FC,1891,REGULAR,1,0,1,0,0,0,0,0,734|1891,2
CL,2017,200149,2017-08-22T18:45:00Z,PLAY_OFF_ROUND,Sevilla FC,559,Medipol Başakşehir FK,1897,REGULAR,2,2,2,2,0,0,0,0,559|1897,2
CL,2017,200153,2017-08-22T18:45:00Z,PLAY_OFF_ROUND,OGC Nice,522,SSC Napoli,113,REGULAR,0,2,0,2,0,0,0,0,113|522,2
CL,2017,200139,2017-08-23T18:45:00Z,PLAY_OFF_ROUND,FC København,1876,Qarabağ Ağdam FK,611,REGULAR,2,1,2,1,0,0,0,0,611|1876,2
CL,2017,200141,2017-08-23T18:45:00Z,PLAY_OFF_ROUND,SK Slavia Praha,930,APOEL FC,752,REGULAR,0,0,0,0,0,0,0,0,752|930,2
CL,2017,200151,2017-08-23T18:45:00Z,PLAY_OFF_ROUND,PFC CSKA Moskva,1900,BSC Young Boys,1871,REGULAR,2,0,2,0,0,0,0,0,1871|1900,2
CL,2017,200155,2017-08-23T18:45:00Z,PLAY_OFF_ROUND,Liverpool FC,64,TSG 1899 Hoffenheim,2,REGULAR,4,2,4,2,0,0,0,0,2|64,2
CL,2017,200157,2017-08-23T18:45:00Z,PLAY_OFF_ROUND,FCSB,1883,Sporting Clube de Portugal,498,REGULAR,1,5,1,5,0,0,0,0,498|1883,2
CL,2017,200194,2017-09-12T18:45:00Z,GROUP_STAGE,FC Barcelona,81,Juventus FC,109,REGULAR,3,0,3,0,0,0,0,0,81|109,1
CL,2017,200195,2017-09-12T18:45:00Z,GROUP_STAGE,PAE Olympiakos SFP,654,Sporting Clube de Portugal,498,REGULAR,2,3,2,3,0,0,0,0,498|654,1
CL,2017,200158,2017-09-12T18:45:00Z,GROUP_STAGE,Manchester United FC,66,FC Basel 1893,729,REGULAR,3,0,3,0,0,0,0,0,66|729,1
CL,2017,200159,2017-09-12T18:45:00Z,GROUP_STAGE,Sport Lisboa e Benfica,1903,PFC CSKA Moskva,1900,REGULAR,1,2,1,2,0,0,0,0,1900|1903,1
CL,2017,200170,2017-09-12T18:45:00Z,GROUP_STAGE,FC Bayern München,5,RSC Anderlecht,726,REGULAR,3,0,3,0,0,0,0,0,5|726,1
CL,2017,200171,2017-09-12T18:45:00Z,GROUP_STAGE,Celtic FC,732,Paris Saint-Germain FC,524,REGULAR,0,5,0,5,0,0,0,0,524|732,1
CL,2017,200182,2017-09-12T18:45:00Z,GROUP_STAGE,Chelsea FC,61,Qarabağ Ağdam FK,611,REGULAR,6,0,6,0,0,0,0,0,61|611,1
CL,2017,200183,2017-09-12T18:45:00Z,GROUP_STAGE,AS Roma,100,Club Atlético de Madrid,78,REGULAR,0,0,0,0,0,0,0,0,78|100,1
CL,2017,200206,2017-09-13T18:45:00Z,GROUP_STAGE,Liverpool FC,64,Sevilla FC,559,REGULAR,2,2,2,2,0,0,0,0,64|559,1
CL,2017,200207,2017-09-13T18:45:00Z,GROUP_STAGE,NK Maribor,734,FK Spartak Moskva,754,REGULAR,1,1,1,1,0,0,0,0,734|754,1
CL,2017,200218,2017-09-13T18:45:00Z,GROUP_STAGE,FK Shakhtar Donetsk,1887,SSC Napoli,113,REGULAR,2,1,2,1,0,0,0,0,113|1887,1
CL,2017,200219,2017-09-13T18:45:00Z,GROUP_STAGE,Feyenoord Rotterdam,675,Manchester City FC,65,REGULAR,0,4,0,4,0,0,0,0,65|675,1
CL,2017,200230,2017-09-13T18:45:00Z,GROUP_STAGE,FC Porto,503,Beşiktaş JK,600,REGULAR,1,3,1,3,0,0,0,0,503|600,1
CL,2017,200231,2017-09-13T18:45:00Z,GROUP_STAGE,RB Leipzig,721,AS Monaco FC,548,REGULAR,1,1,1,1,0,0,0,0,548|721,1
CL,2017,200242,2017-09-13T18:45:00Z,GROUP_STAGE,Tottenham Hotspur FC,73,BV Borussia 09 Dortmund,4,REGULAR,3,1,3,1,0,0,0,0,4|73,1
CL,2017,200243,2017-09-13T18:45:00Z,GROUP_STAGE,Real Madrid CF,86,APOEL FC,752,REGULAR,3,0,3,0,0,0,0,0,86|752,1
CL,2017,200208,2017-09-26T18:45:00Z,GROUP_STAGE,Sevilla FC,559,NK Maribor,734,REGULAR,3,0,3,0,0,0,0,0,559|734,1
CL,2017,200209,2017-09-26T18:45:00Z,GROUP_STAGE,FK Spartak Moskva,754,Liverpool FC,64,REGULAR,1,1,1,1,0,0,0,0,64|754,1
CL,2017,200220,2017-09-26T18:45:00Z,GROUP_STAGE,Manchester City FC,65,FK Shakhtar Donetsk,1887,REGULAR,2,0,2,0,0,0,0,0,65|1887,1
CL,2017,200221,2017-09-26T18:45:00Z,GROUP_STAGE,SSC Napoli,113,Feyenoord Rotterdam,675,REGULAR,3,1,3,1,0,0,0,0,113|675,1
CL,2017,200232,2017-09-26T18:45:00Z,GROUP_STAGE,AS Monaco FC,548,FC Porto,503,REGULAR,0,3,0,3,0,0,0,0,503|548,1
CL,2017,200233,2017-09-26T18:45:00Z,GROUP_STAGE,Beşiktaş JK,600,RB Leipzig,721,REGULAR,2,0,2,0,0,0,0,0,600|721,1
CL,2017,200244,2017-09-26T18:45:00Z,GROUP_STAGE,BV Borussia 09 Dortmund,4,Real Madrid CF,86,REGULAR,1,3,1,3,0,0,0,0,4|86,1
CL,2017,200245,2017-09-26T18:45:00Z,GROUP_STAGE,APOEL FC,752,Tottenham Hotspur FC,73,REGULAR,0,3,0,3,0,0,0,0,73|752,1
CL,2017,200184,2017-09-27T16:00:00Z,GROUP_STAGE,Qarabağ Ağdam FK,611,AS Roma,100,REGULAR,1,2,1,2,0,0,0,0,100|611,1
CL,2017,200196,2017-09-27T18:45:00Z,GROUP_STAGE,Juventus FC,109,PAE Olympiakos SFP,654,REGULAR,2,0,2,0,0,0,0,0,109|654,1
CL,2017,200197,2017-09-27T18:45:00Z,GROUP_STAGE,Sporting Clube de Portugal,498,FC Barcelona,81,REGULAR,0,1,0,1,0,0,0,0,81|498,1
CL,2017,200160,2017-09-27T18:45:00Z,GROUP_STAGE,PFC CSKA Moskva,1900,Manchester United FC,66,REGULAR,1,4,1,4,0,0,0,0,66|1900,1
CL,2017,200161,2017-09-27T18:45:00Z,GROUP_STAGE,FC Basel 1893,729,Sport Lisboa e Benfica,1903,REGULAR,5,0,5,0,0,0,0,0,729|1903,1
CL,2017,200172,2017-09-27T18:45:00Z,GROUP_STAGE,Paris Saint-Germain FC,524,FC Bayern München,5,REGULAR,3,0,3,0,0,0,0,0,5|524,1
CL,2017,200173,2017-09-27T18:45:00Z,GROUP_STAGE,RSC Anderlecht,726,Celtic FC,732,REGULAR,0,3,0,3,0,0,0,0,726|732,1
CL,2017,200185,2017-09-27T18:45:00Z,GROUP_STAGE,Club Atlético de Madrid,78,Chelsea FC,61,REGULAR,1,2,1,2,0,0,0,0,61|78,1
CL,2017,200210,2017-10-17T18:45:00Z,GROUP_STAGE,FK Spartak Moskva,754,Sevilla FC,559,REGULAR,5,1,5,1,0,0,0,0,559|754,1
CL,2017,200211,2017-10-17T18:45:00Z,GROUP_STAGE,NK Maribor,734,Liverpool FC,64,REGULAR,0,7,0,7,0,0,0,0,64|734,1
CL,2017,200222,2017-10-17T18:45:00Z,GROUP_STAGE,Manchester City FC,65,SSC Napoli,113,REGULAR,2,1,2,1,0,0,0,0,65|113,1
CL,2017,200223,2017-10-17T18:45:00Z,GROUP_STAGE,Feyenoord Rotterdam,675,FK Shakhtar Donetsk,1887,REGULAR,1,2,1,2,0,0,0,0,675|1887,1
CL,2017,200234,2017-10-17T18:45:00Z,GROUP_STAGE,AS Monaco FC,548,Beşiktaş JK,600,REGULAR,1,2,1,2,0,0,0,0,548|600,1
CL,2017,200235,2017-10-17T18:45:00Z,GROUP_STAGE,RB Leipzig,721,FC Porto,503,REGULAR,3,2,3,2,0,0,0,0,503|721,1
CL,2017,200246,2017-10-17T18:45:00Z,GROUP_STAGE,Real Madrid CF,86,Tottenham Hotspur FC,73,REGULAR,1,1,1,1,0,0,0,0,73|86,1
CL,2017,200247,2017-10-17T18:45:00Z,GROUP_STAGE,APOEL FC,752,BV Borussia 09 Dortmund,4,REGULAR,1,1,1,1,0,0,0,0,4|752,1
CL,2017,200186,2017-10-18T16:00:00Z,GROUP_STAGE,Qarabağ Ağdam FK,611,Club Atlético de Madrid,78,REGULAR,0,0,0,0,0,0,0,0,78|611,1
CL,2017,200198,2017-10-18T18:45:00Z,GROUP_STAGE,FC Barcelona,81,PAE Olympiakos SFP,654,REGULAR,3,1,3,1,0,0,0,0,81|654,1
CL,2017,200199,2017-10-18T18:45:00Z,GROUP_STAGE,Juventus FC,109,Sporting Clube de Portugal,498,REGULAR,2,1,2,1,0,0,0,0,109|498,1
CL,2017,200162,2017-10-18T18:45:00Z,GROUP_STAGE,PFC CSKA Moskva,1900,FC Basel 1893,729,REGULAR,0,2,0,2,0,0,0,0,729|1900,1
CL,2017,200163,2017-10-18T18:45:00Z,GROUP_STAGE,Sport Lisboa e Benfica,1903,Manchester United FC,66,REGULAR,0,1,0,1,0,0,0,0,66|1903,1
CL,2017,200174,2017-10-18T18:45:00Z,GROUP_STAGE,FC Bayern München,5,Celtic FC,732,REGULAR,3,0,3,0,0,0,0,0,5|732,1
CL,2017,200175,2017-10-18T18:45:00Z,GROUP_STAGE,RSC Anderlecht,726,Paris Saint-Germain FC,524,REGULAR,0,4,0,4,0,0,0,0,524|726,1
CL,2017,200187,2017-10-18T18:45:00Z,GROUP_STAGE,Chelsea FC,61,AS Roma,100,REGULAR,3,3,3,3,0,0,0,0,61|100,1
CL,2017,200200,2017-10-31T19:45:00Z,GROUP_STAGE,Sporting Clube de Portugal,498,Juventus FC,109,REGULAR,1,1,1,1,0,0,0,0,109|498,2
CL,2017,200201,2017-10-31T19:45:00Z,GROUP_STAGE,PAE Olympiakos SFP,654,FC Barcelona,81,REGULAR,0,0,0,0,0,0,0,0,81|654,2
CL,2017,200164,2017-10-31T19:45:00Z,GROUP_STAGE,Manchester United FC,66,Sport Lisboa e Benfica,1903,REGULAR,2,0,2,0,0,0,0,0,66|1903,2
CL,2017,200165,2017-10-31T19:45:00Z,GROUP_STAGE,FC Basel 1893,729,PFC CSKA Moskva,1900,REGULAR,1,2,1,2,0,0,0,0,729|1900,2
CL,2017,200176,2017-10-31T19:45:00Z,GROUP_STAGE,Paris Saint-Germain FC,524,RSC Anderlecht,726,REGULAR,5,0,5,0,0,0,0,0,524|726,2
CL,2017,200177,2017-10-31T19:45:00Z,GROUP_STAGE,Celtic FC,732,FC Bayern München,5,REGULAR,1,2,1,2,0,0,0,0,5|732,2
CL,2017,200188,2017-10-31T19:45:00Z,GROUP_STAGE,Club Atlético de Madrid,78,Qarabağ Ağdam FK,611,REGULAR,1,1,1,1,0,0,0,0,78|611,2
CL,2017,200189,2017-10-31T19:45:00Z,GROUP_STAGE,AS Roma,100,Chelsea FC,61,REGULAR,3,0,3,0,0,0,0,0,61|100,2
CL,2017,200236,2017-11-01T17:00:00Z,GROUP_STAGE,Beşiktaş JK,600,AS Monaco FC,548,REGULAR,1,1,1,1,0,0,0,0,548|600,2
CL,2017,200212,2017-11-01T19:45:00Z,GROUP_STAGE,Liverpool FC,64,NK Maribor,734,REGULAR,3,0,3,0,0,0,0,0,64|734,2
CL,2017,200213,2017-11-01T19:45:00Z,GROUP_STAGE,Sevilla FC,559,FK Spartak Moskva,754,REGULAR,2,1,2,1,0,0,0,0,559|754,2
CL,2017,200224,2017-11-01T19:45:00Z,GROUP_STAGE,SSC Napoli,113,Manchester City FC,65,REGULAR,2,4,2,4,0,0,0,0,65|113,2
CL,2017,200225,2017-11-01T19:45:00Z,GROUP_STAGE,FK Shakhtar Donetsk,1887,Feyenoord Rotterdam,675,REGULAR,3,1,3,1,0,0,0,0,675|1887,2
CL,2017,200237,2017-11-01T19:45:00Z,GROUP_STAGE,FC Porto,503,RB Leipzig,721,REGULAR,3,1,3,1,0,0,0,0,503|721,2
CL,2017,200248,2017-11-01T19:45:00Z,GROUP_STAGE,Tottenham Hotspur FC,73,Real Madrid CF,86,REGULAR,3,1,3,1,0,0,0,0,73|86,2
CL,2017,200249,2017-11-01T19:45:00Z,GROUP_STAGE,BV Borussia 09 Dortmund,4,APOEL FC,752,REGULAR,1,1,1,1,0,0,0,0,4|752,2
CL,2017,200214,2017-11-21T17:00:00Z,GROUP_STAGE,FK Spartak Moskva,754,NK Maribor,734,REGULAR,1,1,1,1,0,0,0,0,734|754,2
CL,2017,200238,2017-11-21T17:00:00Z,GROUP_STAGE,Beşiktaş JK,600,FC Porto,503,REGULAR,1,1,1,1,0,0,0,0,503|600,2
CL,2017,200215,2017-11-21T19:45:00Z,GROUP_STAGE,Sevilla FC,559,Liverpool FC,64,REGULAR,3,3,3,3,0,0,0,0,64|559,2
CL,2017,200226,2017-11-21T19:45:00Z,GROUP_STAGE,Manchester City FC,65,Feyenoord Rotterdam,675,REGULAR,1,0,1,0,0,0,0,0,65|675,2
CL,2017,200227,2017-11-21T19:45:00Z,GROUP_STAGE,SSC Napoli,113,FK Shakhtar Donetsk,1887,REGULAR,3,0,3,0,0,0,0,0,113|1887,2
CL,2017,200239,2017-11-21T19:45:00Z,GROUP_STAGE,AS Monaco FC,548,RB Leipzig,721,REGULAR,1,4,1,4,0,0,0,0,548|721,2
CL,2017,200250,2017-11-21T19:45:00Z,GROUP_STAGE,BV Borussia 09 Dortmund,4,Tottenham Hotspur FC,73,REGULAR,1,2,1,2,0,0,0,0,4|73,2
CL,2017,200251,2017-11-21T19:45:00Z,GROUP_STAGE,APOEL FC,752,Real Madrid CF,86,REGULAR,0,6,0,6,0,0,0,0,86|752,2
CL,2017,200166,2017-11-22T17:00:00Z,GROUP_STAGE,PFC CSKA Moskva,1900,Sport Lisboa e Benfica,1903,REGULAR,2,0,2,0,0,0,0,0,1900|1903,2
CL,2017,200190,2017-11-22T17:00:00Z,GROUP_STAGE,Qarabağ Ağdam FK,611,Chelsea FC,61,REGULAR,0,4,0,4,0,0,0,0,61|611,2
CL,2017,200202,2017-11-22T19:45:00Z,GROUP_STAGE,Juventus FC,109,FC Barcelona,81,REGULAR,0,0,0,0,0,0,0,0,81|109,2
CL,2017,200203,2017-11-22T19:45:00Z,GROUP_STAGE,Sporting Clube de Portugal,498,PAE Olympiakos SFP,654,REGULAR,3,1,3,1,0,0,0,0,498|654,2
CL,2017,200167,2017-11-22T19:45:00Z,GROUP_STAGE,FC Basel 1893,729,Manchester United FC,66,REGULAR,1,0,1,0,0,0,0,0,66|729,2
CL,2017,200178,2017-11-22T19:45:00Z,GROUP_STAGE,Paris Saint-Germain FC,524,Celtic FC,732,REGULAR,7,1,7,1,0,0,0,0,524|732,2
CL,2017,200179,2017-11-22T19:45:00Z,GROUP_STAGE,RSC Anderlecht,726,FC Bayern München,5,REGULAR,1,2,1,2,0,0,0,0,5|726,2
CL,2017,200191,2017-11-22T19:45:00Z,GROUP_STAGE,Club Atlético de Madrid,78,AS Roma,100,REGULAR,2,0,2,0,0,0,0,0,78|100,2
CL,2017,200192,2017-12-05T19:45:00Z,GROUP_STAGE,Chelsea FC,61,Club Atlético de Madrid,78,REGULAR,1,1,1,1,0,0,0,0,61|78,2
CL,2017,200193,2017-12-05T19:45:00Z,GROUP_STAGE,AS Roma,100,Qarabağ Ağdam FK,611,REGULAR,1,0,1,0,0,0,0,0,100|611,2
CL,2017,200204,2017-12-05T19:45:00Z,GROUP_STAGE,FC Barcelona,81,Sporting Clube de Portugal,498,REGULAR,2,0,2,0,0,0,0,0,81|498,2
CL,2017,200205,2017-12-05T19:45:00Z,GROUP_STAGE,PAE Olympiakos SFP,654,Juventus FC,109,REGULAR,0,2,0,2,0,0,0,0,109|654,2
CL,2017,200168,2017-12-05T19:45:00Z,GROUP_STAGE,Manchester United FC,66,PFC CSKA Moskva,1900,REGULAR,2,1,2,1,0,0,0,0,66|1900,2
CL,2017,200169,2017-12-05T19:45:00Z,GROUP_STAGE,Sport Lisboa e Benfica,1903,FC Basel 1893,729,REGULAR,0,2,0,2,0,0,0,0,729|1903,2
CL,2017,200180,2017-12-05T19:45:00Z,GROUP_STAGE,FC Bayern München,5,Paris Saint-Germain FC,524,REGULAR,3,1,3,1,0,0,0,0,5|524,2
CL,2017,200181,2017-12-05T19:45:00Z,GROUP_STAGE,Celtic FC,732,RSC Anderlecht,726,REGULAR,0,1,0,1,0,0,0,0,726|732,2
CL,2017,200216,2017-12-06T19:45:00Z,GROUP_STAGE,Liverpool FC,64,FK Spartak Moskva,754,REGULAR,7,0,7,0,0,0,0,0,64|754,2
CL,2017,200217,2017-12-06T19:45:00Z,GROUP_STAGE,NK Maribor,734,Sevilla FC,559,REGULAR,1,1,1,1,0,0,0,0,559|734,2
CL,2017,200228,2017-12-06T19:45:00Z,GROUP_STAGE,FK Shakhtar Donetsk,1887,Manchester City FC,65,REGULAR,2,1,2,1,0,0,0,0,65|1887,2
CL,2017,200229,2017-12-06T19:45:00Z,GROUP_STAGE,Feyenoord Rotterdam,675,SSC Napoli,113,REGULAR,2,1,2,1,0,0,0,0,113|675,2
CL,2017,200240,2017-12-06T19:45:00Z,GROUP_STAGE,FC Porto,503,AS Monaco FC,548,REGULAR,5,2,5,2,0,0,0,0,503|548,2
CL,2017,200241,2017-12-06T19:45:00Z,GROUP_STAGE,RB Leipzig,721,Beşiktaş JK,600,REGULAR,1,2,1,2,0,0,0,0,600|721,2
CL,2017,200252,2017-12-06T19:45:00Z,GROUP_STAGE,Tottenham Hotspur FC,73,APOEL FC,752,REGULAR,3,0,3,0,0,0,0,0,73|752,2
CL,2017,200253,2017-12-06T19:45:00Z,GROUP_STAGE,Real Madrid CF,86,BV Borussia 09 Dortmund,4,REGULAR,3,2,3,2,0,0,0,0,4|86,2
CL,2017,200254,2018-02-13T19:45:00Z,ROUND_OF_16,Juventus FC,109,Tottenham Hotspur FC,73,REGULAR,2,2,2,2,0,0,0,0,73|109,1
CL,2017,200256,2018-02-13T19:45:00Z,ROUND_OF_16,FC Basel 1893,729,Manchester City FC,65,REGULAR,0,4,0,4,0,0,0,0,65|729,1
CL,2017,200258,2018-02-14T19:45:00Z,ROUND_OF_16,FC Porto,503,Liverpool FC,64,REGULAR,0,5,0,5,0,0,0,0,64|503,1
CL,2017,200262,2018-02-14T19:45:00Z,ROUND_OF_16,Real Madrid CF,86,Paris Saint-Germain FC,524,REGULAR,3,1,3,1,0,0,0,0,86|524,1
CL,2017,200266,2018-02-20T19:45:00Z,ROUND_OF_16,Chelsea FC,61,FC Barcelona,81,REGULAR,1,1,1,1,0,0,0,0,61|81,1
CL,2017,200268,2018-02-20T19:45:00Z,ROUND_OF_16,FC Bayern München,5,Beşiktaş JK,600,REGULAR,5,0,5,0,0,0,0,0,5|600,1
CL,2017,200260,2018-02-21T19:45:00Z,ROUND_OF_16,Sevilla FC,559,Manchester United FC,66,REGULAR,0,0,0,0,0,0,0,0,66|559,1
CL,2017,200264,2018-02-21T19:45:00Z,ROUND_OF_16,FK Shakhtar Donetsk,1887,AS Roma,100,REGULAR,2,1,2,1,0,0,0,0,100|1887,1
CL,2017,200259,2018-03-06T19:45:00Z,ROUND_OF_16,Liverpool FC,64,FC Porto,503,REGULAR,0,0,0,0,0,0,0,0,64|503,2
CL,2017,200263,2018-03-06T19:45:00Z,ROUND_OF_16,Paris Saint-Germain FC,524,Real Madrid CF,86,REGULAR,1,2,1,2,0,0,0,0,86|524,2
CL,2017,200255,2018-03-07T19:45:00Z,ROUND_OF_16,Tottenham Hotspur FC,73,Juventus FC,109,REGULAR,1,2,1,2,0,0,0,0,73|109,2
CL,2017,200257,2018-03-07T19:45:00Z,ROUND_OF_16,Manchester City FC,65,FC Basel 1893,729,REGULAR,1,2,1,2,0,0,0,0,65|729,2
CL,2017,200261,2018-03-13T19:45:00Z,ROUND_OF_16,Manchester United FC,66,Sevilla FC,559,REGULAR,1,2,1,2,0,0,0,0,66|559,2
CL,2017,200265,2018-03-13T19:45:00Z,ROUND_OF_16,AS Roma,100,FK Shakhtar Donetsk,1887,REGULAR,1,0,1,0,0,0,0,0,100|1887,2
CL,2017,200269,2018-03-14T17:00:00Z,ROUND_OF_16,Beşiktaş JK,600,FC Bayern München,5,REGULAR,1,3,1,3,0,0,0,0,5|600,2
CL,2017,200267,2018-03-14T19:45:00Z,ROUND_OF_16,FC Barcelona,81,Chelsea FC,61,REGULAR,3,0,3,0,0,0,0,0,61|81,2
CL,2017,200272,2018-04-03T18:45:00Z,QUARTER_FINALS,Sevilla FC,559,FC Bayern München,5,REGULAR,1,2,1,2,0,0,0,0,5|559,1
CL,2017,200276,2018-04-03T18:45:00Z,QUARTER_FINALS,Juventus FC,109,Real Madrid CF,86,REGULAR,0,3,0,3,0,0,0,0,86|109,1
CL,2017,200270,2018-04-04T18:45:00Z,QUARTER_FINALS,FC Barcelona,81,AS Roma,100,REGULAR,4,1,4,1,0,0,0,0,81|100,1
CL,2017,200274,2018-04-04T18:45:00Z,QUARTER_FINALS,Liverpool FC,64,Manchester City FC,65,REGULAR,3,0,3,0,0,0,0,0,64|65,1
CL,2017,200271,2018-04-10T18:45:00Z,QUARTER_FINALS,AS Roma,100,FC Barcelona,81,REGULAR,3,0,3,0,0,0,0,0,81|100,2
CL,2017,200275,2018-04-10T18:45:00Z,QUARTER_FINALS,Manchester City FC,65,Liverpool FC,64,REGULAR,1,2,1,2,0,0,0,0,64|65,2
CL,2017,200273,2018-04-11T18:45:00Z,QUARTER_FINALS,FC Bayern München,5,Sevilla FC,559,REGULAR,0,0,0,0,0,0,0,0,5|559,2
CL,2017,200277,2018-04-11T18:45:00Z,QUARTER_FINALS,Real Madrid CF,86,Juventus FC,109,REGULAR,1,3,1,3,0,0,0,0,86|109,2
CL,2017,200280,2018-04-24T18:45:00Z,SEMI_FINALS,Liverpool FC,64,AS Roma,100,REGULAR,5,2,5,2,0,0,0,0,64|100,1
CL,2017,200278,2018-04-25T18:45:00Z,SEMI_FINALS,FC Bayern München,5,Real Madrid CF,86,REGULAR,1,2,1,2,0,0,0,0,5|86,1
CL,2017,200279,2018-05-01T18:45:00Z,SEMI_FINALS,Real Madrid CF,86,FC Bayern München,5,,2,2,2,2,0,0,0,0,5|86,2
CL,2017,200281,2018-05-02T18:45:00Z,SEMI_FINALS,AS Roma,100,Liverpool FC,64,,4,2,4,2,0,0,0,0,64|100,2
CL,2017,200282,2018-05-26T18:45:00Z,FINAL,Real Madrid CF,86,Liverpool FC,64,REGULAR,3,1,3,1,0,0,0,0,64|86,1
CL,2018,238916,2018-06-26T15:00:00Z,PRELIMINARY_SEMI_FINALS,FC Santa Coloma,1879,Drita KF Gjilan,7282,EXTRA_TIME,0,2,0,0,0,2,0,0,1879|7282,1
CL,2018,238917,2018-06-26T19:00:00Z,PRELIMINARY_SEMI_FINALS,SP La Fiorita,1902,Lincoln Red Imps FC,7281,REGULAR,0,2,0,2,0,0,0,0,1902|7281,1
CL,2018,238918,2018-06-29T18:30:00Z,PRELIMINARY_FINAL,Lincoln Red Imps FC,7281,Drita KF Gjilan,7282,EXTRA_TIME,1,4,1,1,0,3,0,0,7281|7282,1
CL,2018,238919,2018-07-10T15:30:00Z,1ST_QUALIFYING_ROUND,FC Torpedo Kutaisi,7286,FC Sheriff Tiraspol,1880,REGULAR,2,1,2,1,0,0,0,0,1880|7286,1
CL,2018,238941,2018-07-10T15:30:00Z,1ST_QUALIFYING_ROUND,FC Flora,5100,Hapoel Be'er Sheva FC,1891,REGULAR,1,4,1,4,0,0,0,0,1891|5100,1
CL,2018,238927,2018-07-10T16:00:00Z,1ST_QUALIFYING_ROUND,F91 Diddeleng,1875,MOL Fehérvár FC,5961,REGULAR,1,1,1,1,0,0,0,0,1875|5961,1
CL,2018,238945,2018-07-10T16:00:00Z,1ST_QUALIFYING_ROUND,FC Alashkert,1870,Celtic FC,732,REGULAR,0,3,0,3,0,0,0,0,732|1870,1
CL,2018,238931,2018-07-10T18:00:00Z,1ST_QUALIFYING_ROUND,Víkingur Gøta,1905,Helsingin JK,5123,REGULAR,1,2,1,2,0,0,0,0,1905|5123,1
CL,2018,238921,2018-07-10T18:15:00Z,1ST_QUALIFYING_ROUND,KF Shkëndija 79,7285,The New Saints FC,1904,REGULAR,5,0,5,0,0,0,0,0,1904|7285,1
CL,2018,238929,2018-07-10T18:45:00Z,1ST_QUALIFYING_ROUND,Drita KF Gjilan,7282,Malmö FF,749,REGULAR,0,3,0,3,0,0,0,0,749|7282,1
CL,2018,238935,2018-07-10T18:45:00Z,1ST_QUALIFYING_ROUND,Cork City FC,5520,Legia Warszawa,1105,REGULAR,0,1,0,1,0,0,0,0,1105|5520,1
CL,2018,238949,2018-07-11T14:00:00Z,1ST_QUALIFYING_ROUND,Astana FK,1884,FK Sutjeska Nikšić,7284,REGULAR,1,0,1,0,0,0,0,0,1884|7284,1
CL,2018,238923,2018-07-11T16:00:00Z,1ST_QUALIFYING_ROUND,FK Sūduva Marijampolė,5819,APOEL FC,752,REGULAR,3,1,3,1,0,0,0,0,752|5819,1
CL,2018,238943,2018-07-11T16:00:00Z,1ST_QUALIFYING_ROUND,FK Spartaks Jūrmala,1888,FK Crvena Zvezda,7283,REGULAR,0,0,0,0,0,0,0,0,1888|7283,1
CL,2018,238947,2018-07-11T16:00:00Z,1ST_QUALIFYING_ROUND,FC Spartak Trnava,7288,HŠK Zrinjski Mostar,1894,REGULAR,1,0,1,0,0,0,0,0,1894|7288,1
CL,2018,238933,2018-07-11T17:00:00Z,1ST_QUALIFYING_ROUND,PFK Ludogorets 1945 Razgrad,1901,Crusaders FC,5740,REGULAR,7,0,7,0,0,0,0,0,1901|5740,1
CL,2018,238939,2018-07-11T17:00:00Z,1ST_QUALIFYING_ROUND,FK Kukësi,1886,Valletta FC,5813,REGULAR,0,0,0,0,0,0,0,0,1886|5813,1
CL,2018,238925,2018-07-11T18:00:00Z,1ST_QUALIFYING_ROUND,NK Olimpija Ljubljana,7287,Qarabağ Ağdam FK,611,REGULAR,0,1,0,1,0,0,0,0,611|7287,1
CL,2018,238937,2018-07-11T20:00:00Z,1ST_QUALIFYING_ROUND,KF Valur,5945,Rosenborg BK,889,REGULAR,1,0,1,0,0,0,0,0,889|5945,1
CL,2018,238932,2018-07-17T16:00:00Z,1ST_QUALIFYING_ROUND,Helsingin JK,5123,Víkingur Gøta,1905,REGULAR,3,1,3,1,0,0,0,0,1905|5123,2
CL,2018,238940,2018-07-17T16:00:00Z,1ST_QUALIFYING_ROUND,Valletta FC,5813,FK Kukësi,1886,REGULAR,1,1,1,1,0,0,0,0,1886|5813,2
CL,2018,238924,2018-07-17T17:00:00Z,1ST_QUALIFYING_ROUND,APOEL FC,752,FK Sūduva Marijampolė,5819,REGULAR,1,0,1,0,0,0,0,0,752|5819,2
CL,2018,238930,2018-07-17T17:00:00Z,1ST_QUALIFYING_ROUND,Malmö FF,749,Drita KF Gjilan,7282,REGULAR,2,0,2,0,0,0,0,0,749|7282,2
CL,2018,238942,2018-07-17T17:00:00Z,1ST_QUALIFYING_ROUND,Hapoel Be'er Sheva FC,1891,FC Flora,5100,REGULAR,3,1,3,1,0,0,0,0,1891|5100,2
CL,2018,238922,2018-07-17T18:00:00Z,1ST_QUALIFYING_ROUND,The New Saints FC,1904,KF Shkëndija 79,7285,REGULAR,4,0,4,0,0,0,0,0,1904|7285,2
CL,2018,238928,2018-07-17T18:15:00Z,1ST_QUALIFYING_ROUND,MOL Fehérvár FC,5961,F91 Diddeleng,1875,REGULAR,2,1,2,1,0,0,0,0,1875|5961,2
CL,2018,238944,2018-07-17T18:30:00Z,1ST_QUALIFYING_ROUND,FK Crvena Zvezda,7283,FK Spartaks Jūrmala,1888,REGULAR,2,0,2,0,0,0,0,0,1888|7283,2
CL,2018,238934,2018-07-17T19:00:00Z,1ST_QUALIFYING_ROUND,Crusaders FC,5740,PFK Ludogorets 1945 Razgrad,1901,REGULAR,0,2,0,2,0,0,0,0,1901|5740,2
CL,2018,238936,2018-07-17T19:00:00Z,1ST_QUALIFYING_ROUND,Legia Warszawa,1105,Cork City FC,5520,REGULAR,3,0,3,0,0,0,0,0,1105|5520,2
CL,2018,238920,2018-07-18T17:00:00Z,1ST_QUALIFYING_ROUND,FC Sheriff Tiraspol,1880,FC Torpedo Kutaisi,7286,REGULAR,3,0,3,0,0,0,0,0,1880|7286,2
CL,2018,238926,2018-07-18T17:00:00Z,1ST_QUALIFYING_ROUND,Qarabağ Ağdam FK,611,NK Olimpija Ljubljana,7287,REGULAR,0,0,0,0,0,0,0,0,611|7287,2
CL,2018,238948,2018-07-18T17:00:00Z,1ST_QUALIFYING_ROUND,HŠK Zrinjski Mostar,1894,FC Spartak Trnava,7288,REGULAR,1,1,1,1,0,0,0,0,1894|7288,2
CL,2018,238938,2018-07-18T17:45:00Z,1ST_QUALIFYING_ROUND,Rosenborg BK,889,KF Valur,5945,REGULAR,3,1,3,1,0,0,0,0,889|5945,2
CL,2018,238950,2018-07-18T18:00:00Z,1ST_QUALIFYING_ROUND,FK Sutjeska Nikšić,7284,Astana FK,1884,REGULAR,0,2,0,2,0,0,0,0,1884|7284,2
CL,2018,238946,2018-07-18T18:45:00Z,1ST_QUALIFYING_ROUND,Celtic FC,732,FC Alashkert,1870,REGULAR,3,0,3,0,0,0,0,0,732|1870,2
CL,2018,247754,2018-07-24T14:00:00Z,2ND_QUALIFYING_ROUND,Astana FK,1884,FC Midtjylland,4485,REGULAR,2,1,2,1,0,0,0,0,1884|4485,1
CL,2018,247752,2018-07-24T16:00:00Z,2ND_QUALIFYING_ROUND,FC CFR 1907 Cluj,5515,Malmö FF,749,REGULAR,0,1,0,1,0,0,0,0,749|5515,1
CL,2018,238951,2018-07-24T17:30:00Z,2ND_QUALIFYING_ROUND,PAOK FC,6146,FC Basel 1893,729,REGULAR,2,1,2,1,0,0,0,0,729|6146,1
CL,2018,247756,2018-07-24T18:00:00Z,2ND_QUALIFYING_ROUND,GNK Dinamo Zagreb,755,Hapoel Be'er Sheva FC,1891,REGULAR,5,0,5,0,0,0,0,0,755|1891,1
CL,2018,247758,2018-07-24T18:15:00Z,2ND_QUALIFYING_ROUND,KF Shkëndija 79,7285,FC Sheriff Tiraspol,1880,REGULAR,1,0,1,0,0,0,0,0,1880|7285,1
CL,2018,247760,2018-07-24T18:30:00Z,2ND_QUALIFYING_ROUND,FK Crvena Zvezda,7283,FK Sūduva Marijampolė,5819,REGULAR,3,0,3,0,0,0,0,0,5819|7283,1
CL,2018,247762,2018-07-24T19:00:00Z,2ND_QUALIFYING_ROUND,Legia Warszawa,1105,FC Spartak Trnava,7288,REGULAR,0,2,0,2,0,0,0,0,1105|7288,1
CL,2018,247764,2018-07-25T17:00:00Z,2ND_QUALIFYING_ROUND,FK BATE Borisov,748,Helsingin JK,5123,REGULAR,0,0,0,0,0,0,0,0,748|5123,1
CL,2018,247766,2018-07-25T17:00:00Z,2ND_QUALIFYING_ROUND,FK Kukësi,1886,Qarabağ Ağdam FK,611,REGULAR,0,0,0,0,0,0,0,0,611|1886,1
CL,2018,247768,2018-07-25T17:00:00Z,2ND_QUALIFYING_ROUND,PFK Ludogorets 1945 Razgrad,1901,MOL Fehérvár FC,5961,REGULAR,0,0,0,0,0,0,0,0,1901|5961,1
CL,2018,238953,2018-07-25T18:30:00Z,2ND_QUALIFYING_ROUND,AFC Ajax,678,SK Sturm Graz,2021,REGULAR,2,0,2,0,0,0,0,0,678|2021,1
CL,2018,247770,2018-07-25T18:45:00Z,2ND_QUALIFYING_ROUND,Celtic FC,732,Rosenborg BK,889,REGULAR,3,1,3,1,0,0,0,0,732|889,1
CL,2018,247757,2018-07-31T17:00:00Z,2ND_QUALIFYING_ROUND,Hapoel Be'er Sheva FC,1891,GNK Dinamo Zagreb,755,REGULAR,2,2,2,2,0,0,0,0,755|1891,2
CL,2018,247759,2018-07-31T17:00:00Z,2ND_QUALIFYING_ROUND,FC Sheriff Tiraspol,1880,KF Shkëndija 79,7285,REGULAR,0,0,0,0,0,0,0,0,1880|7285,2
CL,2018,247763,2018-07-31T18:30:00Z,2ND_QUALIFYING_ROUND,FC Spartak Trnava,7288,Legia Warszawa,1105,REGULAR,0,1,0,1,0,0,0,0,1105|7288,2
CL,2018,247765,2018-08-01T16:00:00Z,2ND_QUALIFYING_ROUND,Helsingin JK,5123,FK BATE Borisov,748,REGULAR,1,2,1,2,0,0,0,0,748|5123,2
CL,2018,247755,2018-08-01T17:00:00Z,2ND_QUALIFYING_ROUND,FC Midtjylland,4485,Astana FK,1884,REGULAR,0,0,0,0,0,0,0,0,1884|4485,2
CL,2018,247767,2018-08-01T17:00:00Z,2ND_QUALIFYING_ROUND,Qarabağ Ağdam FK,611,FK Kukësi,1886,REGULAR,3,0,3,0,0,0,0,0,611|1886,2
CL,2018,247753,2018-08-01T17:15:00Z,2ND_QUALIFYING_ROUND,Malmö FF,749,FC CFR 1907 Cluj,5515,REGULAR,1,1,1,1,0,0,0,0,749|5515,2
CL,2018,247761,2018-08-01T17:30:00Z,2ND_QUALIFYING_ROUND,FK Sūduva Marijampolė,5819,FK Crvena Zvezda,7283,REGULAR,0,2,0,2,0,0,0,0,5819|7283,2
CL,2018,238952,2018-08-01T18:00:00Z,2ND_QUALIFYING_ROUND,FC Basel 1893,729,PAOK FC,6146,REGULAR,0,3,0,3,0,0,0,0,729|6146,2
CL,2018,247769,2018-08-01T18:00:00Z,2ND_QUALIFYING_ROUND,MOL Fehérvár FC,5961,PFK Ludogorets 1945 Razgrad,1901,REGULAR,1,0,1,0,0,0,0,0,1901|5961,2
CL,2018,238954,2018-08-01T18:30:00Z,2ND_QUALIFYING_ROUND,SK Sturm Graz,2021,AFC Ajax,678,REGULAR,1,3,1,3,0,0,0,0,678|2021,2
CL,2018,247771,2018-08-01T18:45:00Z,2ND_QUALIFYING_ROUND,Rosenborg BK,889,Celtic FC,732,REGULAR,0,0,0,0,0,0,0,0,732|889,2
CL,2018,248391,2018-08-07T14:00:00Z,3RD_QUALIFYING_ROUND,Astana FK,1884,GNK Dinamo Zagreb,755,REGULAR,0,2,0,2,0,0,0,0,755|1884,1
CL,2018,248393,2018-08-07T17:00:00Z,3RD_QUALIFYING_ROUND,Qarabağ Ağdam FK,611,FK BATE Borisov,748,REGULAR,0,1,0,1,0,0,0,0,611|748,1
CL,2018,248398,2018-08-07T17:15:00Z,3RD_QUALIFYING_ROUND,Malmö FF,749,MOL Fehérvár FC,5961,REGULAR,1,1,1,1,0,0,0,0,749|5961,1
CL,2018,247780,2018-08-07T17:30:00Z,3RD_QUALIFYING_ROUND,SK Slavia Praha,930,FK Dynamo Kyiv,842,REGULAR,1,1,1,1,0,0,0,0,842|930,1
CL,2018,247776,2018-08-07T18:00:00Z,3RD_QUALIFYING_ROUND,Royal Standard de Liège,1866,AFC Ajax,678,REGULAR,2,2,2,2,0,0,0,0,678|1866,1
CL,2018,247774,2018-08-07T18:30:00Z,3RD_QUALIFYING_ROUND,FK Crvena Zvezda,7283,FC Spartak Trnava,7288,REGULAR,1,1,1,1,0,0,0,0,7283|7288,1
CL,2018,247778,2018-08-07T19:00:00Z,3RD_QUALIFYING_ROUND,Sport Lisboa e Benfica,1903,Fenerbahçe SK,613,REGULAR,1,0,1,0,0,0,0,0,613|1903,1
CL,2018,248395,2018-08-08T17:00:00Z,3RD_QUALIFYING_ROUND,FC Red Bull Salzburg,1877,KF Shkëndija 79,7285,REGULAR,3,0,3,0,0,0,0,0,1877|7285,1
CL,2018,247782,2018-08-08T17:00:00Z,3RD_QUALIFYING_ROUND,PAOK FC,6146,FK Spartak Moskva,754,REGULAR,3,2,3,2,0,0,0,0,754|6146,1
CL,2018,247772,2018-08-08T18:45:00Z,3RD_QUALIFYING_ROUND,Celtic FC,732,PAE AEK,1899,REGULAR,1,1,1,1,0,0,0,0,732|1899,1
CL,2018,247781,2018-08-14T16:30:00Z,3RD_QUALIFYING_ROUND,FK Dynamo Kyiv,842,SK Slavia Praha,930,REGULAR,2,0,2,0,0,0,0,0,842|930,2
CL,2018,248394,2018-08-14T17:00:00Z,3RD_QUALIFYING_ROUND,FK BATE Borisov,748,Qarabağ Ağdam FK,611,REGULAR,1,1,1,1,0,0,0,0,611|748,2
CL,2018,247783,2018-08-14T17:30:00Z,3RD_QUALIFYING_ROUND,FK Spartak Moskva,754,PAOK FC,6146,REGULAR,0,0,0,0,0,0,0,0,754|6146,2
CL,2018,248392,2018-08-14T18:00:00Z,3RD_QUALIFYING_ROUND,GNK Dinamo Zagreb,755,Astana FK,1884,REGULAR,1,0,1,0,0,0,0,0,755|1884,2
CL,2018,248397,2018-08-14T18:00:00Z,3RD_QUALIFYING_ROUND,MOL Fehérvár FC,5961,Malmö FF,749,REGULAR,0,0,0,0,0,0,0,0,749|5961,2
CL,2018,247773,2018-08-14T18:00:00Z,3RD_QUALIFYING_ROUND,PAE AEK,1899,Celtic FC,732,REGULAR,2,1,2,1,0,0,0,0,732|1899,2
CL,2018,247779,2018-08-14T18:00:00Z,3RD_QUALIFYING_ROUND,Fenerbahçe SK,613,Sport Lisboa e Benfica,1903,REGULAR,1,1,1,1,0,0,0,0,613|1903,2
CL,2018,248396,2018-08-14T18:15:00Z,3RD_QUALIFYING_ROUND,KF Shkëndija 79,7285,FC Red Bull Salzburg,1877,REGULAR,0,1,0,1,0,0,0,0,1877|7285,2
CL,2018,247775,2018-08-14T18:30:00Z,3RD_QUALIFYING_ROUND,FC Spartak Trnava,7288,FK Crvena Zvezda,7283,EXTRA_TIME,1,2,1,1,0,1,0,0,7283|7288,2
CL,2018,247777,2018-08-14T18:30:00Z,3RD_QUALIFYING_ROUND,AFC Ajax,678,Royal Standard de Liège,1866,REGULAR,3,0,3,0,0,0,0,0,678|1866,2
CL,2018,249991,2018-08-21T19:00:00Z,PLAY_OFF_ROUND,FK Crvena Zvezda,7283,FC Red Bull Salzburg,1877,REGULAR,0,0,0,0,0,0,0,0,1877|7283,1
CL,2018,249993,2018-08-21T19:00:00Z,PLAY_OFF_ROUND,Sport Lisboa e Benfica,1903,PAOK FC,6146,REGULAR,1,1,1,1,0,0,0,0,1903|6146,1
CL,2018,249523,2018-08-21T19:00:00Z,PLAY_OFF_ROUND,FK BATE Borisov,748,PSV,674,REGULAR,2,3,2,3,0,0,0,0,674|748,1
CL,2018,249995,2018-08-22T19:00:00Z,PLAY_OFF_ROUND,MOL Fehérvár FC,5961,PAE AEK,1899,REGULAR,1,2,1,2,0,0,0,0,1899|5961,1
CL,2018,249997,2018-08-22T19:00:00Z,PLAY_OFF_ROUND,AFC Ajax,678,FK Dynamo Kyiv,842,REGULAR,3,1,3,1,0,0,0,0,678|842,1
CL,2018,249524,2018-08-22T19:00:00Z,PLAY_OFF_ROUND,BSC Young Boys,1871,GNK Dinamo Zagreb,755,REGULAR,1,1,1,1,0,0,0,0,755|1871,1
CL,2018,249996,2018-08-28T19:00:00Z,PLAY_OFF_ROUND,PAE AEK,1899,MOL Fehérvár FC,5961,REGULAR,1,1,1,1,0,0,0,0,1899|5961,2
CL,2018,249998,2018-08-28T19:00:00Z,PLAY_OFF_ROUND,FK Dynamo Kyiv,842,AFC Ajax,678,REGULAR,0,0,0,0,0,0,0,0,678|842,2
CL,2018,249525,2018-08-28T19:00:00Z,PLAY_OFF_ROUND,GNK Dinamo Zagreb,755,BSC Young Boys,1871,REGULAR,1,2,1,2,0,0,0,0,755|1871,2
CL,2018,249992,2018-08-29T19:00:00Z,PLAY_OFF_ROUND,FC Red Bull Salzburg,1877,FK Crvena Zvezda,7283,REGULAR,2,2,2,2,0,0,0,0,1877|7283,2
CL,2018,249994,2018-08-29T19:00:00Z,PLAY_OFF_ROUND,PAOK FC,6146,Sport Lisboa e Benfica,1903,REGULAR,1,4,1,4,0,0,0,0,1903|6146,2
CL,2018,249526,2018-08-29T19:00:00Z,PLAY_OFF_ROUND,PSV,674,FK BATE Borisov,748,REGULAR,3,0,3,0,0,0,0,0,674|748,2
CL,2018,250681,2018-09-18T16:55:00Z,GROUP_STAGE,FC Barcelona,81,PSV,674,REGULAR,4,0,4,0,0,0,0,0,81|674,1
CL,2018,250682,2018-09-18T16:55:00Z,GROUP_STAGE,FC Internazionale Milano,108,Tottenham Hotspur FC,73,REGULAR,2,1,2,1,0,0,0,0,73|108,1
CL,2018,250669,2018-09-18T19:00:00Z,GROUP_STAGE,AS Monaco FC,548,Club Atlético de Madrid,78,REGULAR,1,2,1,2,0,0,0,0,78|548,1
CL,2018,250670,2018-09-18T19:00:00Z,GROUP_STAGE,Club Brugge KV,851,BV Borussia 09 Dortmund,4,REGULAR,0,1,0,1,0,0,0,0,4|851,1
CL,2018,250693,2018-09-18T19:00:00Z,GROUP_STAGE,Liverpool FC,64,Paris Saint-Germain FC,524,REGULAR,3,2,3,2,0,0,0,0,64|524,1
CL,2018,250694,2018-09-18T19:00:00Z,GROUP_STAGE,FK Crvena Zvezda,7283,SSC Napoli,113,REGULAR,0,0,0,0,0,0,0,0,113|7283,1
CL,2018,250705,2018-09-18T19:00:00Z,GROUP_STAGE,FC Schalke 04,6,FC Porto,503,REGULAR,1,1,1,1,0,0,0,0,6|503,1
CL,2018,250706,2018-09-18T19:00:00Z,GROUP_STAGE,Galatasaray SK,610,FK Lokomotiv Moskva,5455,REGULAR,3,0,3,0,0,0,0,0,610|5455,1
CL,2018,250717,2018-09-19T16:55:00Z,GROUP_STAGE,AFC Ajax,678,PAE AEK,1899,REGULAR,3,0,3,0,0,0,0,0,678|1899,1
CL,2018,250729,2018-09-19T16:55:00Z,GROUP_STAGE,FK Shakhtar Donetsk,1887,TSG 1899 Hoffenheim,2,REGULAR,2,2,2,2,0,0,0,0,2|1887,1
CL,2018,250718,2018-09-19T19:00:00Z,GROUP_STAGE,Sport Lisboa e Benfica,1903,FC Bayern München,5,REGULAR,0,2,0,2,0,0,0,0,5|1903,1
CL,2018,250730,2018-09-19T19:00:00Z,GROUP_STAGE,Manchester City FC,65,Olympique Lyonnais,523,REGULAR,1,2,1,2,0,0,0,0,65|523,1
CL,2018,250741,2018-09-19T19:00:00Z,GROUP_STAGE,Real Madrid CF,86,AS Roma,100,REGULAR,3,0,3,0,0,0,0,0,86|100,1
CL,2018,250742,2018-09-19T19:00:00Z,GROUP_STAGE,FC Viktoria Plzeň,1881,PFC CSKA Moskva,1900,REGULAR,2,2,2,2,0,0,0,0,1881|1900,1
CL,2018,250753,2018-09-19T19:00:00Z,GROUP_STAGE,Valencia CF,95,Juventus FC,109,REGULAR,0,2,0,2,0,0,0,0,95|109,1
CL,2018,250754,2018-09-19T19:00:00Z,GROUP_STAGE,BSC Young Boys,1871,Manchester United FC,66,REGULAR,0,3,0,3,0,0,0,0,66|1871,1
CL,2018,250731,2018-10-02T16:55:00Z,GROUP_STAGE,TSG 1899 Hoffenheim,2,Manchester City FC,65,REGULAR,1,2,1,2,0,0,0,0,2|65,1
CL,2018,250755,2018-10-02T16:55:00Z,GROUP_STAGE,Juventus FC,109,BSC Young Boys,1871,REGULAR,3,0,3,0,0,0,0,0,109|1871,1
CL,2018,250719,2018-10-02T19:00:00Z,GROUP_STAGE,FC Bayern München,5,AFC Ajax,678,REGULAR,1,1,1,1,0,0,0,0,5|678,1
CL,2018,250720,2018-10-02T19:00:00Z,GROUP_STAGE,PAE AEK,1899,Sport Lisboa e Benfica,1903,REGULAR,2,3,2,3,0,0,0,0,1899|1903,1
CL,2018,250732,2018-10-02T19:00:00Z,GROUP_STAGE,Olympique Lyonnais,523,FK Shakhtar Donetsk,1887,REGULAR,2,2,2,2,0,0,0,0,523|1887,1
CL,2018,250743,2018-10-02T19:00:00Z,GROUP_STAGE,AS Roma,100,FC Viktoria Plzeň,1881,REGULAR,5,0,5,0,0,0,0,0,100|1881,1
CL,2018,250744,2018-10-02T19:00:00Z,GROUP_STAGE,PFC CSKA Moskva,1900,Real Madrid CF,86,REGULAR,1,0,1,0,0,0,0,0,86|1900,1
CL,2018,250756,2018-10-02T19:00:00Z,GROUP_STAGE,Manchester United FC,66,Valencia CF,95,REGULAR,0,0,0,0,0,0,0,0,66|95,1
CL,2018,250695,2018-10-03T16:55:00Z,GROUP_STAGE,Paris Saint-Germain FC,524,FK Crvena Zvezda,7283,REGULAR,6,1,6,1,0,0,0,0,524|7283,1
CL,2018,250707,2018-10-03T16:55:00Z,GROUP_STAGE,FK Lokomotiv Moskva,5455,FC Schalke 04,6,REGULAR,0,1,0,1,0,0,0,0,6|5455,1
CL,2018,250671,2018-10-03T19:00:00Z,GROUP_STAGE,BV Borussia 09 Dortmund,4,AS Monaco FC,548,REGULAR,3,0,3,0,0,0,0,0,4|548,1
CL,2018,250672,2018-10-03T19:00:00Z,GROUP_STAGE,Club Atlético de Madrid,78,Club Brugge KV,851,REGULAR,3,1,3,1,0,0,0,0,78|851,1
CL,2018,250683,2018-10-03T19:00:00Z,GROUP_STAGE,Tottenham Hotspur FC,73,FC Barcelona,81,REGULAR,2,4,2,4,0,0,0,0,73|81,1
CL,2018,250684,2018-10-03T19:00:00Z,GROUP_STAGE,PSV,674,FC Internazionale Milano,108,REGULAR,1,2,1,2,0,0,0,0,108|674,1
CL,2018,250696,2018-10-03T19:00:00Z,GROUP_STAGE,SSC Napoli,113,Liverpool FC,64,REGULAR,1,0,1,0,0,0,0,0,64|113,1
CL,2018,250708,2018-10-03T19:00:00Z,GROUP_STAGE,FC Porto,503,Galatasaray SK,610,REGULAR,1,0,1,0,0,0,0,0,503|610,1
CL,2018,250721,2018-10-23T16:55:00Z,GROUP_STAGE,PAE AEK,1899,FC Bayern München,5,REGULAR,0,2,0,2,0,0,0,0,5|1899,1
CL,2018,250757,2018-10-23T16:55:00Z,GROUP_STAGE,BSC Young Boys,1871,Valencia CF,95,REGULAR,1,1,1,1,0,0,0,0,95|1871,1
CL,2018,250722,2018-10-23T19:00:00Z,GROUP_STAGE,AFC Ajax,678,Sport Lisboa e Benfica,1903,REGULAR,1,0,1,0,0,0,0,0,678|1903,1
CL,2018,250733,2018-10-23T19:00:00Z,GROUP_STAGE,TSG 1899 Hoffenheim,2,Olympique Lyonnais,523,REGULAR,3,3,3,3,0,0,0,0,2|523,1
CL,2018,250734,2018-10-23T19:00:00Z,GROUP_STAGE,FK Shakhtar Donetsk,1887,Manchester City FC,65,REGULAR,0,3,0,3,0,0,0,0,65|1887,1
CL,2018,250745,2018-10-23T19:00:00Z,GROUP_STAGE,Real Madrid CF,86,FC Viktoria Plzeň,1881,REGULAR,2,1,2,1,0,0,0,0,86|1881,1
CL,2018,250746,2018-10-23T19:00:00Z,GROUP_STAGE,AS Roma,100,PFC CSKA Moskva,1900,REGULAR,3,0,3,0,0,0,0,0,100|1900,1
CL,2018,250758,2018-10-23T19:00:00Z,GROUP_STAGE,Manchester United FC,66,Juventus FC,109,REGULAR,0,1,0,1,0,0,0,0,66|109,1
CL,2018,250673,2018-10-24T16:55:00Z,GROUP_STAGE,Club Brugge KV,851,AS Monaco FC,548,REGULAR,1,1,1,1,0,0,0,0,548|851,1
CL,2018,250686,2018-10-24T16:55:00Z,GROUP_STAGE,PSV,674,Tottenham Hotspur FC,73,REGULAR,2,2,2,2,0,0,0,0,73|674,1
CL,2018,250674,2018-10-24T19:00:00Z,GROUP_STAGE,BV Borussia 09 Dortmund,4,Club Atlético de Madrid,78,REGULAR,4,0,4,0,0,0,0,0,4|78,1
CL,2018,250685,2018-10-24T19:00:00Z,GROUP_STAGE,FC Barcelona,81,FC Internazionale Milano,108,REGULAR,2,0,2,0,0,0,0,0,81|108,1
CL,2018,250697,2018-10-24T19:00:00Z,GROUP_STAGE,Liverpool FC,64,FK Crvena Zvezda,7283,REGULAR,4,0,4,0,0,0,0,0,64|7283,1
CL,2018,250698,2018-10-24T19:00:00Z,GROUP_STAGE,Paris Saint-Germain FC,524,SSC Napoli,113,REGULAR,2,2,2,2,0,0,0,0,113|524,1
CL,2018,250709,2018-10-24T19:00:00Z,GROUP_STAGE,Galatasaray SK,610,FC Schalke 04,6,REGULAR,0,0,0,0,0,0,0,0,6|610,1
CL,2018,250710,2018-10-24T19:00:00Z,GROUP_STAGE,FK Lokomotiv Moskva,5455,FC Porto,503,REGULAR,1,3,1,3,0,0,0,0,503|5455,1
CL,2018,250675,2018-11-06T17:55:00Z,GROUP_STAGE,AS Monaco FC,548,Club Brugge KV,851,REGULAR,0,4,0,4,0,0,0,0,548|851,2
CL,2018,250699,2018-11-06T17:55:00Z,GROUP_STAGE,FK Crvena Zvezda,7283,Liverpool FC,64,REGULAR,2,0,2,0,0,0,0,0,64|7283,2
CL,2018,250676,2018-11-06T20:00:00Z,GROUP_STAGE,Club Atlético de Madrid,78,BV Borussia 09 Dortmund,4,REGULAR,2,0,2,0,0,0,0,0,4|78,2
CL,2018,250687,2018-11-06T20:00:00Z,GROUP_STAGE,Tottenham Hotspur FC,73,PSV,674,REGULAR,2,1,2,1,0,0,0,0,73|674,2
CL,2018,250688,2018-11-06T20:00:00Z,GROUP_STAGE,FC Internazionale Milano,108,FC Barcelona,81,REGULAR,1,1,1,1,0,0,0,0,81|108,2
CL,2018,250700,2018-11-06T20:00:00Z,GROUP_STAGE,SSC Napoli,113,Paris Saint-Germain FC,524,REGULAR,1,1,1,1,0,0,0,0,113|524,2
CL,2018,250711,2018-11-06T20:00:00Z,GROUP_STAGE,FC Schalke 04,6,Galatasaray SK,610,REGULAR,2,0,2,0,0,0,0,0,6|610,2
CL,2018,250712,2018-11-06T20:00:00Z,GROUP_STAGE,FC Porto,503,FK Lokomotiv Moskva,5455,REGULAR,4,1,4,1,0,0,0,0,503|5455,2
CL,2018,250747,2018-11-07T17:55:00Z,GROUP_STAGE,PFC CSKA Moskva,1900,AS Roma,100,REGULAR,1,2,1,2,0,0,0,0,100|1900,2
CL,2018,250759,2018-11-07T17:55:00Z,GROUP_STAGE,Valencia CF,95,BSC Young Boys,1871,REGULAR,3,1,3,1,0,0,0,0,95|1871,2
CL,2018,250723,2018-11-07T20:00:00Z,GROUP_STAGE,FC Bayern München,5,PAE AEK,1899,REGULAR,2,0,2,0,0,0,0,0,5|1899,2
CL,2018,250724,2018-11-07T20:00:00Z,GROUP_STAGE,Sport Lisboa e Benfica,1903,AFC Ajax,678,REGULAR,1,1,1,1,0,0,0,0,678|1903,2
CL,2018,250735,2018-11-07T20:00:00Z,GROUP_STAGE,Manchester City FC,65,FK Shakhtar Donetsk,1887,REGULAR,6,0,6,0,0,0,0,0,65|1887,2
CL,2018,250736,2018-11-07T20:00:00Z,GROUP_STAGE,Olympique Lyonnais,523,TSG 1899 Hoffenheim,2,REGULAR,2,2,2,2,0,0,0,0,2|523,2
CL,2018,250748,2018-11-07T20:00:00Z,GROUP_STAGE,FC Viktoria Plzeň,1881,Real Madrid CF,86,REGULAR,0,5,0,5,0,0,0,0,86|1881,2
CL,2018,250760,2018-11-07T20:00:00Z,GROUP_STAGE,Juventus FC,109,Manchester United FC,66,REGULAR,1,2,1,2,0,0,0,0,66|109,2
CL,2018,250725,2018-11-27T17:55:00Z,GROUP_STAGE,PAE AEK,1899,AFC Ajax,678,REGULAR,0,2,0,2,0,0,0,0,678|1899,2
CL,2018,250749,2018-11-27T17:55:00Z,GROUP_STAGE,PFC CSKA Moskva,1900,FC Viktoria Plzeň,1881,REGULAR,1,2,1,2,0,0,0,0,1881|1900,2
CL,2018,250726,2018-11-27T20:00:00Z,GROUP_STAGE,FC Bayern München,5,Sport Lisboa e Benfica,1903,REGULAR,5,1,5,1,0,0,0,0,5|1903,2
CL,2018,250737,2018-11-27T20:00:00Z,GROUP_STAGE,TSG 1899 Hoffenheim,2,FK Shakhtar Donetsk,1887,REGULAR,2,3,2,3,0,0,0,0,2|1887,2
CL,2018,250738,2018-11-27T20:00:00Z,GROUP_STAGE,Olympique Lyonnais,523,Manchester City FC,65,REGULAR,2,2,2,2,0,0,0,0,65|523,2
CL,2018,250750,2018-11-27T20:00:00Z,GROUP_STAGE,AS Roma,100,Real Madrid CF,86,REGULAR,0,2,0,2,0,0,0,0,86|100,2
CL,2018,250761,2018-11-27T20:00:00Z,GROUP_STAGE,Manchester United FC,66,BSC Young Boys,1871,REGULAR,1,0,1,0,0,0,0,0,66|1871,2
CL,2018,250762,2018-11-27T20:00:00Z,GROUP_STAGE,Juventus FC,109,Valencia CF,95,REGULAR,1,0,1,0,0,0,0,0,95|109,2
CL,2018,250677,2018-11-28T17:55:00Z,GROUP_STAGE,Club Atlético de Madrid,78,AS Monaco FC,548,REGULAR,2,0,2,0,0,0,0,0,78|548,2
CL,2018,250713,2018-11-28T17:55:00Z,GROUP_STAGE,FK Lokomotiv Moskva,5455,Galatasaray SK,610,REGULAR,2,0,2,0,0,0,0,0,610|5455,2
CL,2018,250678,2018-11-28T20:00:00Z,GROUP_STAGE,BV Borussia 09 Dortmund,4,Club Brugge KV,851,REGULAR,0,0,0,0,0,0,0,0,4|851,2
CL,2018,250689,2018-11-28T20:00:00Z,GROUP_STAGE,Tottenham Hotspur FC,73,FC Internazionale Milano,108,REGULAR,1,0,1,0,0,0,0,0,73|108,2
CL,2018,250690,2018-11-28T20:00:00Z,GROUP_STAGE,PSV,674,FC Barcelona,81,REGULAR,1,2,1,2,0,0,0,0,81|674,2
CL,2018,250701,2018-11-28T20:00:00Z,GROUP_STAGE,Paris Saint-Germain FC,524,Liverpool FC,64,REGULAR,2,1,2,1,0,0,0,0,64|524,2
CL,2018,250702,2018-11-28T20:00:00Z,GROUP_STAGE,SSC Napoli,113,FK Crvena Zvezda,7283,REGULAR,3,1,3,1,0,0,0,0,113|7283,2
CL,2018,250714,2018-11-28T20:00:00Z,GROUP_STAGE,FC Porto,503,FC Schalke 04,6,REGULAR,3,1,3,1,0,0,0,0,6|503,2
CL,2018,250715,2018-12-11T17:55:00Z,GROUP_STAGE,FC Schalke 04,6,FK Lokomotiv Moskva,5455,REGULAR,1,0,1,0,0,0,0,0,6|5455,2
CL,2018,250716,2018-12-11T17:55:00Z,GROUP_STAGE,Galatasaray SK,610,FC Porto,503,REGULAR,2,3,2,3,0,0,0,0,503|610,2
CL,2018,250679,2018-12-11T20:00:00Z,GROUP_STAGE,AS Monaco FC,548,BV Borussia 09 Dortmund,4,REGULAR,0,2,0,2,0,0,0,0,4|548,2
CL,2018,250680,2018-12-11T20:00:00Z,GROUP_STAGE,Club Brugge KV,851,Club Atlético de Madrid,78,REGULAR,0,0,0,0,0,0,0,0,78|851,2
CL,2018,250691,2018-12-11T20:00:00Z,GROUP_STAGE,FC Barcelona,81,Tottenham Hotspur FC,73,REGULAR,1,1,1,1,0,0,0,0,73|81,2
CL,2018,250692,2018-12-11T20:00:00Z,GROUP_STAGE,FC Internazionale Milano,108,PSV,674,REGULAR,1,1,1,1,0,0,0,0,108|674,2
CL,2018,250703,2018-12-11T20:00:00Z,GROUP_STAGE,Liverpool FC,64,SSC Napoli,113,REGULAR,1,0,1,0,0,0,0,0,64|113,2
CL,2018,250704,2018-12-11T20:00:00Z,GROUP_STAGE,FK Crvena Zvezda,7283,Paris Saint-Germain FC,524,REGULAR,1,4,1,4,0,0,0,0,524|7283,2
CL,2018,250751,2018-12-12T17:55:00Z,GROUP_STAGE,Real Madrid CF,86,PFC CSKA Moskva,1900,REGULAR,0,3,0,3,0,0,0,0,86|1900,2
CL,2018,250752,2018-12-12T17:55:00Z,GROUP_STAGE,FC Viktoria Plzeň,1881,AS Roma,100,REGULAR,2,1,2,1,0,0,0,0,100|1881,2
CL,2018,250727,2018-12-12T20:00:00Z,GROUP_STAGE,AFC Ajax,678,FC Bayern München,5,REGULAR,3,3,3,3,0,0,0,0,5|678,2
CL,2018,250728,2018-12-12T20:00:00Z,GROUP_STAGE,Sport Lisboa e Benfica,1903,PAE AEK,1899,REGULAR,1,0,1,0,0,0,0,0,1899|1903,2
CL,2018,250739,2018-12-12T20:00:00Z,GROUP_STAGE,Manchester City FC,65,TSG 1899 Hoffenheim,2,REGULAR,2,1,2,1,0,0,0,0,2|65,2
CL,2018,250740,2018-12-12T20:00:00Z,GROUP_STAGE,FK Shakhtar Donetsk,1887,Olympique Lyonnais,523,REGULAR,1,1,1,1,0,0,0,0,523|1887,2
CL,2018,250763,2018-12-12T20:00:00Z,GROUP_STAGE,Valencia CF,95,Manchester United FC,66,REGULAR,2,1,2,1,0,0,0,0,66|95,2
CL,2018,250764,2018-12-12T20:00:00Z,GROUP_STAGE,BSC Young Boys,1871,Juventus FC,109,REGULAR,2,1,2,1,0,0,0,0,109|1871,2
CL,2018,254897,2019-02-12T20:00:00Z,ROUND_OF_16,Manchester United FC,66,Paris Saint-Germain FC,524,REGULAR,0,2,0,2,0,0,0,0,66|524,1
CL,2018,254903,2019-02-12T20:00:00Z,ROUND_OF_16,AS Roma,100,FC Porto,503,REGULAR,2,1,2,1,0,0,0,0,100|503,1
CL,2018,254899,2019-02-13T20:00:00Z,ROUND_OF_16,Tottenham Hotspur FC,73,BV Borussia 09 Dortmund,4,REGULAR,3,0,3,0,0,0,0,0,4|73,1
CL,2018,254907,2019-02-13T20:00:00Z,ROUND_OF_16,AFC Ajax,678,Real Madrid CF,86,REGULAR,1,2,1,2,0,0,0,0,86|678,1
CL,2018,254901,2019-02-19T20:00:00Z,ROUND_OF_16,Olympique Lyonnais,523,FC Barcelona,81,REGULAR,0,0,0,0,0,0,0,0,81|523,1
CL,2018,254905,2019-02-19T20:00:00Z,ROUND_OF_16,Liverpool FC,64,FC Bayern München,5,REGULAR,0,0,0,0,0,0,0,0,5|64,1
CL,2018,254893,2019-02-20T20:00:00Z,ROUND_OF_16,FC Schalke 04,6,Manchester City FC,65,REGULAR,2,3,2,3,0,0,0,0,6|65,1
CL,2018,254895,2019-02-20T20:00:00Z,ROUND_OF_16,Club Atlético de Madrid,78,Juventus FC,109,REGULAR,2,0,2,0,0,0,0,0,78|109,1
CL,2018,254900,2019-03-05T20:00:00Z,ROUND_OF_16,BV Borussia 09 Dortmund,4,Tottenham Hotspur FC,73,REGULAR,0,1,0,1,0,0,0,0,4|73,2
CL,2018,254908,2019-03-05T20:00:00Z,ROUND_OF_16,Real Madrid CF,86,AFC Ajax,678,REGULAR,1,4,1,4,0,0,0,0,86|678,2
CL,2018,254898,2019-03-06T20:00:00Z,ROUND_OF_16,Paris Saint-Germain FC,524,Manchester United FC,66,REGULAR,1,3,1,3,0,0,0,0,66|524,2
CL,2018,254904,2019-03-06T20:00:00Z,ROUND_OF_16,FC Porto,503,AS Roma,100,EXTRA_TIME,3,1,2,1,1,0,0,0,100|503,2
CL,2018,254894,2019-03-12T20:00:00Z,ROUND_OF_16,Manchester City FC,65,FC Schalke 04,6,REGULAR,7,0,7,0,0,0,0,0,6|65,2
CL,2018,254896,2019-03-12T20:00:00Z,ROUND_OF_16,Juventus FC,109,Club Atlético de Madrid,78,REGULAR,3,0,3,0,0,0,0,0,78|109,2
CL,2018,254902,2019-03-13T20:00:00Z,ROUND_OF_16,FC Barcelona,81,Olympique Lyonnais,523,REGULAR,5,1,5,1,0,0,0,0,81|523,2
CL,2018,254906,2019-03-13T20:00:00Z,ROUND_OF_16,FC Bayern München,5,Liverpool FC,64,REGULAR,1,3,1,3,0,0,0,0,5|64,2
CL,2018,261007,2019-04-09T19:00:00Z,QUARTER_FINALS,Liverpool FC,64,FC Porto,503,REGULAR,2,0,2,0,0,0,0,0,64|503,1
CL,2018,261009,2019-04-09T19:00:00Z,QUARTER_FINALS,Tottenham Hotspur FC,73,Manchester City FC,65,REGULAR,1,0,1,0,0,0,0,0,65|73,1
CL,2018,261005,2019-04-10T19:00:00Z,QUARTER_FINALS,AFC Ajax,678,Juventus FC,109,REGULAR,1,1,1,1,0,0,0,0,109|678,1
CL,2018,261011,2019-04-10T19:00:00Z,QUARTER_FINALS,Manchester United FC,66,FC Barcelona,81,REGULAR,0,1,0,1,0,0,0,0,66|81,1
CL,2018,261006,2019-04-16T19:00:00Z,QUARTER_FINALS,Juventus FC,109,AFC Ajax,678,REGULAR,1,2,1,2,0,0,0,0,109|678,2
CL,2018,261012,2019-04-16T19:00:00Z,QUARTER_FINALS,FC Barcelona,81,Manchester United FC,66,REGULAR,3,0,3,0,0,0,0,0,66|81,2
CL,2018,261008,2019-04-17T19:00:00Z,QUARTER_FINALS,FC Porto,503,Liverpool FC,64,REGULAR,1,4,1,4,0,0,0,0,64|503,2
CL,2018,261010,2019-04-17T19:00:00Z,QUARTER_FINALS,Manchester City FC,65,Tottenham Hotspur FC,73,REGULAR,4,3,4,3,0,0,0,0,65|73,2
CL,2018,263558,2019-04-30T19:00:00Z,SEMI_FINALS,Tottenham Hotspur FC,73,AFC Ajax,678,REGULAR,0,1,0,1,0,0,0,0,73|678,1
CL,2018,263560,2019-05-01T19:00:00Z,SEMI_FINALS,FC Barcelona,81,Liverpool FC,64,REGULAR,3,0,3,0,0,0,0,0,64|81,1
CL,2018,263561,2019-05-07T19:00:00Z,SEMI_FINALS,Liverpool FC,64,FC Barcelona,81,REGULAR,4,0,4,0,0,0,0,0,64|81,2
CL,2018,263559,2019-05-08T19:00:00Z,SEMI_FINALS,AFC Ajax,678,Tottenham Hotspur FC,73,REGULAR,2,3,2,3,0,0,0,0,73|678,2
CL,2018,263562,2019-06-01T19:00:00Z,FINAL,Tottenham Hotspur FC,73,Liverpool FC,64,REGULAR,0,2,0,2,0,0,0,0,64|73,1
CL,2019,266391,2019-06-25T13:00:00Z,PRELIMINARY_SEMI_FINALS,SP Tre Penne,8102,FC Santa Coloma,1879,REGULAR,0,1,0,1,0,0,0,0,1879|8102,1
CL,2019,266390,2019-06-25T18:45:00Z,PRELIMINARY_SEMI_FINALS,KF Feronikeli,8101,Lincoln Red Imps FC,7281,REGULAR,1,0,1,0,0,0,0,0,7281|8101,1
CL,2019,266392,2019-06-28T18:45:00Z,PRELIMINARY_FINAL,KF Feronikeli,8101,FC Santa Coloma,1879,REGULAR,2,1,2,1,0,0,0,0,1879|8101,1
CL,2019,269483,2019-07-09T13:00:00Z,1ST_QUALIFYING_ROUND,Astana FK,1884,FC CFR 1907 Cluj,5515,REGULAR,1,0,1,0,0,0,0,0,1884|5515,1
CL,2019,269481,2019-07-09T14:00:00Z,1ST_QUALIFYING_ROUND,FC Ararat-Armenia,8164,AIK Fotboll,5277,REGULAR,2,1,2,1,0,0,0,0,5277|8164,1
CL,2019,269477,2019-07-09T16:00:00Z,1ST_QUALIFYING_ROUND,Nõmme Kalju FC,5106,KF Shkëndija 79,7285,REGULAR,0,1,0,1,0,0,0,0,5106|7285,1
CL,2019,269505,2019-07-09T16:00:00Z,1ST_QUALIFYING_ROUND,Helsingin JK,5123,HB,8166,REGULAR,3,0,3,0,0,0,0,0,5123|8166,1
CL,2019,269487,2019-07-09T17:45:00Z,1ST_QUALIFYING_ROUND,FK Sarajevo,4275,Celtic FC,732,REGULAR,1,3,1,3,0,0,0,0,732|4275,1
CL,2019,269479,2019-07-09T18:00:00Z,1ST_QUALIFYING_ROUND,FK Sūduva Marijampolė,5819,FK Crvena Zvezda,7283,REGULAR,0,0,0,0,0,0,0,0,5819|7283,1
CL,2019,269491,2019-07-09T18:00:00Z,1ST_QUALIFYING_ROUND,F91 Diddeleng,1875,Valletta FC,5813,REGULAR,2,2,2,2,0,0,0,0,1875|5813,1
CL,2019,269503,2019-07-09T18:00:00Z,1ST_QUALIFYING_ROUND,The New Saints FC,1904,KF Feronikeli,8101,REGULAR,2,2,2,2,0,0,0,0,1904|8101,1
CL,2019,269493,2019-07-10T15:30:00Z,1ST_QUALIFYING_ROUND,FK Partizani,7492,Qarabağ Ağdam FK,611,REGULAR,0,0,0,0,0,0,0,0,611|7492,1
CL,2019,269489,2019-07-10T17:00:00Z,1ST_QUALIFYING_ROUND,FC Sheriff Tiraspol,1880,FC Saburtalo,8165,REGULAR,0,3,0,3,0,0,0,0,1880|8165,1
CL,2019,269507,2019-07-10T17:00:00Z,1ST_QUALIFYING_ROUND,FK BATE Borisov,748,GKS Piast Gliwice,5628,REGULAR,1,1,1,1,0,0,0,0,748|5628,1
CL,2019,269485,2019-07-10T18:00:00Z,1ST_QUALIFYING_ROUND,Ferencvárosi TC,5954,PFK Ludogorets 1945 Razgrad,1901,REGULAR,2,1,2,1,0,0,0,0,1901|5954,1
CL,2019,269495,2019-07-10T18:15:00Z,1ST_QUALIFYING_ROUND,ŠK Slovan Bratislava,7509,FK Sutjeska Nikšić,7284,REGULAR,1,1,1,1,0,0,0,0,7284|7509,1
CL,2019,269497,2019-07-10T18:45:00Z,1ST_QUALIFYING_ROUND,Linfield FC,1896,Rosenborg BK,889,REGULAR,0,2,0,2,0,0,0,0,889|1896,1
CL,2019,269501,2019-07-10T18:45:00Z,1ST_QUALIFYING_ROUND,Dundalk FC,1873,Rīga FC,5826,REGULAR,0,0,0,0,0,0,0,0,1873|5826,1
CL,2019,269499,2019-07-10T20:00:00Z,1ST_QUALIFYING_ROUND,KF Valur,5945,NK Maribor,734,REGULAR,0,3,0,3,0,0,0,0,734|5945,1
CL,2019,269478,2019-07-16T15:00:00Z,1ST_QUALIFYING_ROUND,KF Shkëndija 79,7285,Nõmme Kalju FC,5106,REGULAR,1,2,1,2,0,0,0,0,5106|7285,2
CL,2019,269490,2019-07-16T17:30:00Z,1ST_QUALIFYING_ROUND,FC Saburtalo,8165,FC Sheriff Tiraspol,1880,REGULAR,1,3,1,3,0,0,0,0,1880|8165,2
CL,2019,269492,2019-07-16T18:00:00Z,1ST_QUALIFYING_ROUND,Valletta FC,5813,F91 Diddeleng,1875,REGULAR,1,1,1,1,0,0,0,0,1875|5813,2
CL,2019,269506,2019-07-16T18:00:00Z,1ST_QUALIFYING_ROUND,HB,8166,Helsingin JK,5123,REGULAR,2,2,2,2,0,0,0,0,5123|8166,2
CL,2019,269480,2019-07-16T18:45:00Z,1ST_QUALIFYING_ROUND,FK Crvena Zvezda,7283,FK Sūduva Marijampolė,5819,REGULAR,2,1,2,1,0,0,0,0,5819|7283,2
CL,2019,269504,2019-07-16T18:45:00Z,1ST_QUALIFYING_ROUND,KF Feronikeli,8101,The New Saints FC,1904,REGULAR,0,1,0,1,0,0,0,0,1904|8101,2
CL,2019,269502,2019-07-17T16:30:00Z,1ST_QUALIFYING_ROUND,Rīga FC,5826,Dundalk FC,1873,PENALTY_SHOOTOUT,0,0,0,0,0,0,4,5,1873|5826,2
CL,2019,269482,2019-07-17T17:00:00Z,1ST_QUALIFYING_ROUND,AIK Fotboll,5277,FC Ararat-Armenia,8164,REGULAR,3,1,3,1,0,0,0,0,5277|8164,2
CL,2019,269494,2019-07-17T17:00:00Z,1ST_QUALIFYING_ROUND,Qarabağ Ağdam FK,611,FK Partizani,7492,REGULAR,2,0,2,0,0,0,0,0,611|7492,2
CL,2019,269498,2019-07-17T17:00:00Z,1ST_QUALIFYING_ROUND,Rosenborg BK,889,Linfield FC,1896,REGULAR,4,0,4,0,0,0,0,0,889|1896,2
CL,2019,269486,2019-07-17T17:30:00Z,1ST_QUALIFYING_ROUND,PFK Ludogorets 1945 Razgrad,1901,Ferencvárosi TC,5954,REGULAR,2,3,2,3,0,0,0,0,1901|5954,2
CL,2019,269484,2019-07-17T18:00:00Z,1ST_QUALIFYING_ROUND,FC CFR 1907 Cluj,5515,Astana FK,1884,REGULAR,3,1,3,1,0,0,0,0,1884|5515,2
CL,2019,269508,2019-07-17T18:00:00Z,1ST_QUALIFYING_ROUND,GKS Piast Gliwice,5628,FK BATE Borisov,748,REGULAR,1,2,1,2,0,0,0,0,748|5628,2
CL,2019,269496,2019-07-17T18:15:00Z,1ST_QUALIFYING_ROUND,FK Sutjeska Nikšić,7284,ŠK Slovan Bratislava,7509,PENALTY_SHOOTOUT,1,1,1,1,0,0,3,2,7284|7509,2
CL,2019,269500,2019-07-17T18:15:00Z,1ST_QUALIFYING_ROUND,NK Maribor,734,KF Valur,5945,REGULAR,2,0,2,0,0,0,0,0,734|5945,2
CL,2019,269488,2019-07-17T18:45:00Z,1ST_QUALIFYING_ROUND,Celtic FC,732,FK Sarajevo,4275,REGULAR,2,1,2,1,0,0,0,0,732|4275,2
CL,2019,269509,2019-07-23T17:00:00Z,2ND_QUALIFYING_ROUND,FC Viktoria Plzeň,1881,PAE Olympiakos SFP,654,REGULAR,0,0,0,0,0,0,0,0,654|1881,1
CL,2019,269517,2019-07-23T17:30:00Z,2ND_QUALIFYING_ROUND,FC Saburtalo,8165,GNK Dinamo Zagreb,755,REGULAR,0,2,0,2,0,0,0,0,755|8165,1
CL,2019,269511,2019-07-23T18:00:00Z,2ND_QUALIFYING_ROUND,PSV,674,FC Basel 1893,729,REGULAR,3,2,3,2,0,0,0,0,674|729,1
CL,2019,269513,2019-07-23T18:00:00Z,2ND_QUALIFYING_ROUND,The New Saints FC,1904,FC København,1876,REGULAR,0,2,0,2,0,0,0,0,1876|1904,1
CL,2019,269515,2019-07-23T18:15:00Z,2ND_QUALIFYING_ROUND,FK Sutjeska Nikšić,7284,APOEL FC,752,REGULAR,0,1,0,1,0,0,0,0,752|7284,1
CL,2019,278362,2019-07-24T17:00:00Z,2ND_QUALIFYING_ROUND,FK BATE Borisov,748,Rosenborg BK,889,REGULAR,2,1,2,1,0,0,0,0,748|889,1
CL,2019,278128,2019-07-24T18:00:00Z,2ND_QUALIFYING_ROUND,Ferencvárosi TC,5954,Valletta FC,5813,REGULAR,3,1,3,1,0,0,0,0,5813|5954,1
CL,2019,269519,2019-07-24T18:00:00Z,2ND_QUALIFYING_ROUND,FC CFR 1907 Cluj,5515,Maccabi Tel Aviv FC,5929,REGULAR,1,0,1,0,0,0,0,0,5515|5929,1
CL,2019,278364,2019-07-24T18:15:00Z,2ND_QUALIFYING_ROUND,NK Maribor,734,AIK Fotboll,5277,REGULAR,2,1,2,1,0,0,0,0,734|5277,1
CL,2019,278366,2019-07-24T18:45:00Z,2ND_QUALIFYING_ROUND,Dundalk FC,1873,Qarabağ Ağdam FK,611,REGULAR,1,1,1,1,0,0,0,0,611|1873,1
CL,2019,278126,2019-07-24T18:45:00Z,2ND_QUALIFYING_ROUND,FK Crvena Zvezda,7283,Helsingin JK,5123,REGULAR,2,0,2,0,0,0,0,0,5123|7283,1
CL,2019,278130,2019-07-24T18:45:00Z,2ND_QUALIFYING_ROUND,Celtic FC,732,Nõmme Kalju FC,5106,REGULAR,5,0,5,0,0,0,0,0,732|5106,1
CL,2019,278131,2019-07-30T17:00:00Z,2ND_QUALIFYING_ROUND,Nõmme Kalju FC,5106,Celtic FC,732,REGULAR,0,2,0,2,0,0,0,0,732|5106,2
CL,2019,269516,2019-07-30T17:00:00Z,2ND_QUALIFYING_ROUND,APOEL FC,752,FK Sutjeska Nikšić,7284,REGULAR,3,0,3,0,0,0,0,0,752|7284,2
CL,2019,269520,2019-07-30T17:00:00Z,2ND_QUALIFYING_ROUND,Maccabi Tel Aviv FC,5929,FC CFR 1907 Cluj,5515,REGULAR,2,2,2,2,0,0,0,0,5515|5929,2
CL,2019,278129,2019-07-30T18:00:00Z,2ND_QUALIFYING_ROUND,Valletta FC,5813,Ferencvárosi TC,5954,REGULAR,1,1,1,1,0,0,0,0,5813|5954,2
CL,2019,269512,2019-07-30T18:00:00Z,2ND_QUALIFYING_ROUND,FC Basel 1893,729,PSV,674,REGULAR,2,1,2,1,0,0,0,0,674|729,2
CL,2019,269518,2019-07-30T18:00:00Z,2ND_QUALIFYING_ROUND,GNK Dinamo Zagreb,755,FC Saburtalo,8165,REGULAR,3,0,3,0,0,0,0,0,755|8165,2
CL,2019,269510,2019-07-30T18:30:00Z,2ND_QUALIFYING_ROUND,PAE Olympiakos SFP,654,FC Viktoria Plzeň,1881,REGULAR,4,0,4,0,0,0,0,0,654|1881,2
CL,2019,278127,2019-07-31T16:00:00Z,2ND_QUALIFYING_ROUND,Helsingin JK,5123,FK Crvena Zvezda,7283,REGULAR,2,1,2,1,0,0,0,0,5123|7283,2
CL,2019,278363,2019-07-31T17:00:00Z,2ND_QUALIFYING_ROUND,Rosenborg BK,889,FK BATE Borisov,748,REGULAR,2,0,2,0,0,0,0,0,748|889,2
CL,2019,278365,2019-07-31T17:00:00Z,2ND_QUALIFYING_ROUND,AIK Fotboll,5277,NK Maribor,734,EXTRA_TIME,3,2,2,1,1,1,0,0,734|5277,2
CL,2019,278367,2019-07-31T17:00:00Z,2ND_QUALIFYING_ROUND,Qarabağ Ağdam FK,611,Dundalk FC,1873,REGULAR,3,0,3,0,0,0,0,0,611|1873,2
CL,2019,269514,2019-07-31T17:45:00Z,2ND_QUALIFYING_ROUND,FC København,1876,The New Saints FC,1904,REGULAR,1,0,1,0,0,0,0,0,1876|1904,2
CL,2019,279609,2019-08-06T17:00:00Z,3RD_QUALIFYING_ROUND,APOEL FC,752,Qarabağ Ağdam FK,611,REGULAR,1,2,1,2,0,0,0,0,611|752,1
CL,2019,278630,2019-08-06T17:00:00Z,3RD_QUALIFYING_ROUND,PAOK FC,6146,AFC Ajax,678,REGULAR,2,2,2,2,0,0,0,0,678|6146,1
CL,2019,279225,2019-08-06T18:00:00Z,3RD_QUALIFYING_ROUND,GNK Dinamo Zagreb,755,Ferencvárosi TC,5954,REGULAR,1,1,1,1,0,0,0,0,755|5954,1
CL,2019,278636,2019-08-06T18:30:00Z,3RD_QUALIFYING_ROUND,Club Brugge KV,851,FK Dynamo Kyiv,842,REGULAR,1,0,1,0,0,0,0,0,842|851,1
CL,2019,279611,2019-08-06T18:45:00Z,3RD_QUALIFYING_ROUND,FK Crvena Zvezda,7283,FC København,1876,REGULAR,1,1,1,1,0,0,0,0,1876|7283,1
CL,2019,278634,2019-08-07T17:00:00Z,3RD_QUALIFYING_ROUND,FK Krasnodar,5452,FC Porto,503,REGULAR,0,1,0,1,0,0,0,0,503|5452,1
CL,2019,278632,2019-08-07T17:45:00Z,3RD_QUALIFYING_ROUND,Medipol Başakşehir FK,1897,PAE Olympiakos SFP,654,REGULAR,0,1,0,1,0,0,0,0,654|1897,1
CL,2019,278638,2019-08-07T18:00:00Z,3RD_QUALIFYING_ROUND,FC Basel 1893,729,LASK Linz,2016,REGULAR,1,2,1,2,0,0,0,0,729|2016,1
CL,2019,279223,2019-08-07T18:00:00Z,3RD_QUALIFYING_ROUND,FC CFR 1907 Cluj,5515,Celtic FC,732,REGULAR,1,1,1,1,0,0,0,0,732|5515,1
CL,2019,279613,2019-08-07T18:15:00Z,3RD_QUALIFYING_ROUND,NK Maribor,734,Rosenborg BK,889,REGULAR,1,3,1,3,0,0,0,0,734|889,1
CL,2019,279610,2019-08-13T16:30:00Z,3RD_QUALIFYING_ROUND,Qarabağ Ağdam FK,611,APOEL FC,752,REGULAR,0,2,0,2,0,0,0,0,611|752,2
CL,2019,279614,2019-08-13T17:00:00Z,3RD_QUALIFYING_ROUND,Rosenborg BK,889,NK Maribor,734,REGULAR,3,1,3,1,0,0,0,0,734|889,2
CL,2019,278637,2019-08-13T17:30:00Z,3RD_QUALIFYING_ROUND,FK Dynamo Kyiv,842,Club Brugge KV,851,REGULAR,3,3,3,3,0,0,0,0,842|851,2
CL,2019,279612,2019-08-13T18:00:00Z,3RD_QUALIFYING_ROUND,FC København,1876,FK Crvena Zvezda,7283,PENALTY_SHOOTOUT,1,1,1,1,0,0,6,7,1876|7283,2
CL,2019,279226,2019-08-13T18:00:00Z,3RD_QUALIFYING_ROUND,Ferencvárosi TC,5954,GNK Dinamo Zagreb,755,REGULAR,0,4,0,4,0,0,0,0,755|5954,2
CL,2019,278631,2019-08-13T18:30:00Z,3RD_QUALIFYING_ROUND,AFC Ajax,678,PAOK FC,6146,REGULAR,3,2,3,2,0,0,0,0,678|6146,2
CL,2019,278633,2019-08-13T18:30:00Z,3RD_QUALIFYING_ROUND,PAE Olympiakos SFP,654,Medipol Başakşehir FK,1897,REGULAR,2,0,2,0,0,0,0,0,654|1897,2
CL,2019,278639,2019-08-13T18:30:00Z,3RD_QUALIFYING_ROUND,LASK Linz,2016,FC Basel 1893,729,REGULAR,3,1,3,1,0,0,0,0,729|2016,2
CL,2019,279224,2019-08-13T18:45:00Z,3RD_QUALIFYING_ROUND,Celtic FC,732,FC CFR 1907 Cluj,5515,REGULAR,3,4,3,4,0,0,0,0,732|5515,2
CL,2019,278635,2019-08-13T19:00:00Z,3RD_QUALIFYING_ROUND,FC Porto,503,FK Krasnodar,5452,REGULAR,2,3,2,3,0,0,0,0,503|5452,2
CL,2019,279649,2019-08-20T19:00:00Z,PLAY_OFF_ROUND,FC CFR 1907 Cluj,5515,SK Slavia Praha,930,REGULAR,0,1,0,1,0,0,0,0,930|5515,1
CL,2019,283064,2019-08-20T19:00:00Z,PLAY_OFF_ROUND,APOEL FC,752,AFC Ajax,678,REGULAR,0,0,0,0,0,0,0,0,678|752,1
CL,2019,283066,2019-08-20T19:00:00Z,PLAY_OFF_ROUND,LASK Linz,2016,Club Brugge KV,851,REGULAR,0,1,0,1,0,0,0,0,851|2016,1
CL,2019,279650,2019-08-21T19:00:00Z,PLAY_OFF_ROUND,BSC Young Boys,1871,FK Crvena Zvezda,7283,REGULAR,2,2,2,2,0,0,0,0,1871|7283,1
CL,2019,283068,2019-08-21T19:00:00Z,PLAY_OFF_ROUND,GNK Dinamo Zagreb,755,Rosenborg BK,889,REGULAR,2,0,2,0,0,0,0,0,755|889,1
CL,2019,283070,2019-08-21T19:00:00Z,PLAY_OFF_ROUND,PAE Olympiakos SFP,654,FK Krasnodar,5452,REGULAR,4,0,4,0,0,0,0,0,654|5452,1
CL,2019,279651,2019-08-27T19:00:00Z,PLAY_OFF_ROUND,FK Crvena Zvezda,7283,BSC Young Boys,1871,REGULAR,1,1,1,1,0,0,0,0,1871|7283,2
CL,2019,283069,2019-08-27T19:00:00Z,PLAY_OFF_ROUND,Rosenborg BK,889,GNK Dinamo Zagreb,755,REGULAR,1,1,1,1,0,0,0,0,755|889,2
CL,2019,283071,2019-08-27T19:00:00Z,PLAY_OFF_ROUND,FK Krasnodar,5452,PAE Olympiakos SFP,654,REGULAR,1,2,1,2,0,0,0,0,654|5452,2
CL,2019,279652,2019-08-28T19:00:00Z,PLAY_OFF_ROUND,SK Slavia Praha,930,FC CFR 1907 Cluj,5515,REGULAR,1,0,1,0,0,0,0,0,930|5515,2
CL,2019,283065,2019-08-28T19:00:00Z,PLAY_OFF_ROUND,AFC Ajax,678,APOEL FC,752,REGULAR,2,0,2,0,0,0,0,0,678|752,2
CL,2019,283067,2019-08-28T19:00:00Z,PLAY_OFF_ROUND,Club Brugge KV,851,LASK Linz,2016,REGULAR,2,1,2,1,0,0,0,0,851|2016,2
CL,2019,283608,2019-09-17T16:55:00Z,GROUP_STAGE,FC Internazionale Milano,108,SK Slavia Praha,930,REGULAR,1,1,1,1,0,0,0,0,108|930,1
CL,2019,283620,2019-09-17T16:55:00Z,GROUP_STAGE,Olympique Lyonnais,523,FK Zenit Sankt-Petersburg,731,REGULAR,1,1,1,1,0,0,0,0,523|731,1
CL,2019,283596,2019-09-17T19:00:00Z,GROUP_STAGE,SSC Napoli,113,Liverpool FC,64,REGULAR,2,0,2,0,0,0,0,0,64|113,1
CL,2019,283597,2019-09-17T19:00:00Z,GROUP_STAGE,FC Red Bull Salzburg,1877,KRC Genk,1858,REGULAR,6,2,6,2,0,0,0,0,1858|1877,1
CL,2019,283609,2019-09-17T19:00:00Z,GROUP_STAGE,BV Borussia 09 Dortmund,4,FC Barcelona,81,REGULAR,0,0,0,0,0,0,0,0,4|81,1
CL,2019,283621,2019-09-17T19:00:00Z,GROUP_STAGE,Sport Lisboa e Benfica,1903,RB Leipzig,721,REGULAR,1,2,1,2,0,0,0,0,721|1903,1
CL,2019,283632,2019-09-17T19:00:00Z,GROUP_STAGE,Chelsea FC,61,Valencia CF,95,REGULAR,0,1,0,1,0,0,0,0,61|95,1
CL,2019,283633,2019-09-17T19:00:00Z,GROUP_STAGE,AFC Ajax,678,Lille OSC,521,REGULAR,3,0,3,0,0,0,0,0,521|678,1
CL,2019,283548,2019-09-18T16:55:00Z,GROUP_STAGE,Club Brugge KV,851,Galatasaray SK,610,REGULAR,0,0,0,0,0,0,0,0,610|851,1
CL,2019,283560,2019-09-18T16:55:00Z,GROUP_STAGE,PAE Olympiakos SFP,654,Tottenham Hotspur FC,73,REGULAR,2,2,2,2,0,0,0,0,73|654,1
CL,2019,283549,2019-09-18T19:00:00Z,GROUP_STAGE,Paris Saint-Germain FC,524,Real Madrid CF,86,REGULAR,3,0,3,0,0,0,0,0,86|524,1
CL,2019,283561,2019-09-18T19:00:00Z,GROUP_STAGE,FC Bayern München,5,FK Crvena Zvezda,7283,REGULAR,3,0,3,0,0,0,0,0,5|7283,1
CL,2019,283572,2019-09-18T19:00:00Z,GROUP_STAGE,FK Shakhtar Donetsk,1887,Manchester City FC,65,REGULAR,0,3,0,3,0,0,0,0,65|1887,1
CL,2019,283573,2019-09-18T19:00:00Z,GROUP_STAGE,GNK Dinamo Zagreb,755,Atalanta BC,102,REGULAR,4,0,4,0,0,0,0,0,102|755,1
CL,2019,283584,2019-09-18T19:00:00Z,GROUP_STAGE,Bayer 04 Leverkusen,3,FK Lokomotiv Moskva,5455,REGULAR,1,2,1,2,0,0,0,0,3|5455,1
CL,2019,283585,2019-09-18T19:00:00Z,GROUP_STAGE,Club Atlético de Madrid,78,Juventus FC,109,REGULAR,2,2,2,2,0,0,0,0,78|109,1
CL,2019,283550,2019-10-01T16:55:00Z,GROUP_STAGE,Real Madrid CF,86,Club Brugge KV,851,REGULAR,,,,,0,0,0,0,86|851,1
CL,2019,283574,2019-10-01T16:55:00Z,GROUP_STAGE,Atalanta BC,102,FK Shakhtar Donetsk,1887,REGULAR,,,,,0,0,0,0,102|1887,1
CL,2019,283551,2019-10-01T19:00:00Z,GROUP_STAGE,Galatasaray SK,610,Paris Saint-Germain FC,524,REGULAR,,,,,0,0,0,0,524|610,1
CL,2019,283562,2019-10-01T19:00:00Z,GROUP_STAGE,Tottenham Hotspur FC,73,FC Bayern München,5,REGULAR,,,,,0,0,0,0,5|73,1
CL,2019,283563,2019-10-01T19:00:00Z,GROUP_STAGE,FK Crvena Zvezda,7283,PAE Olympiakos SFP,654,REGULAR,,,,,0,0,0,0,654|7283,1
CL,2019,283575,2019-10-01T19:00:00Z,GROUP_STAGE,Manchester City FC,65,GNK Dinamo Zagreb,755,REGULAR,,,,,0,0,0,0,65|755,1
CL,2019,283586,2019-10-01T19:00:00Z,GROUP_STAGE,Juventus FC,109,Bayer 04 Leverkusen,3,REGULAR,,,,,0,0,0,0,3|109,1
CL,2019,283587,2019-10-01T19:00:00Z,GROUP_STAGE,FK Lokomotiv Moskva,5455,Club Atlético de Madrid,78,REGULAR,,,,,0,0,0,0,78|5455,1
CL,2019,283598,2019-10-02T16:55:00Z,GROUP_STAGE,KRC Genk,1858,SSC Napoli,113,REGULAR,,,,,0,0,0,0,113|1858,1
CL,2019,283610,2019-10-02T16:55:00Z,GROUP_STAGE,SK Slavia Praha,930,BV Borussia 09 Dortmund,4,REGULAR,,,,,0,0,0,0,4|930,1
CL,2019,283599,2019-10-02T19:00:00Z,GROUP_STAGE,Liverpool FC,64,FC Red Bull Salzburg,1877,REGULAR,,,,,0,0,0,0,64|1877,1
CL,2019,283611,2019-10-02T19:00:00Z,GROUP_STAGE,FC Barcelona,81,FC Internazionale Milano,108,REGULAR,,,,,0,0,0,0,81|108,1
CL,2019,283622,2019-10-02T19:00:00Z,GROUP_STAGE,FK Zenit Sankt-Petersburg,731,Sport Lisboa e Benfica,1903,REGULAR,,,,,0,0,0,0,731|1903,1
CL,2019,283623,2019-10-02T19:00:00Z,GROUP_STAGE,RB Leipzig,721,Olympique Lyonnais,523,REGULAR,,,,,0,0,0,0,523|721,1
CL,2019,283634,2019-10-02T19:00:00Z,GROUP_STAGE,Lille OSC,521,Chelsea FC,61,REGULAR,,,,,0,0,0,0,61|521,1
CL,2019,283635,2019-10-02T19:00:00Z,GROUP_STAGE,Valencia CF,95,AFC Ajax,678,REGULAR,,,,,0,0,0,0,95|678,1
CL,2019,283576,2019-10-22T16:55:00Z,GROUP_STAGE,FK Shakhtar Donetsk,1887,GNK Dinamo Zagreb,755,REGULAR,,,,,0,0,0,0,755|1887,1
CL,2019,283588,2019-10-22T16:55:00Z,GROUP_STAGE,Club Atlético de Madrid,78,Bayer 04 Leverkusen,3,REGULAR,,,,,0,0,0,0,3|78,1
CL,2019,283552,2019-10-22T19:00:00Z,GROUP_STAGE,Galatasaray SK,610,Real Madrid CF,86,REGULAR,,,,,0,0,0,0,86|610,1
CL,2019,283553,2019-10-22T19:00:00Z,GROUP_STAGE,Club Brugge KV,851,Paris Saint-Germain FC,524,REGULAR,,,,,0,0,0,0,524|851,1
CL,2019,283564,2019-10-22T19:00:00Z,GROUP_STAGE,Tottenham Hotspur FC,73,FK Crvena Zvezda,7283,REGULAR,,,,,0,0,0,0,73|7283,1
CL,2019,283565,2019-10-22T19:00:00Z,GROUP_STAGE,PAE Olympiakos SFP,654,FC Bayern München,5,REGULAR,,,,,0,0,0,0,5|654,1
CL,2019,283577,2019-10-22T19:00:00Z,GROUP_STAGE,Manchester City FC,65,Atalanta BC,102,REGULAR,,,,,0,0,0,0,65|102,1
CL,2019,283589,2019-10-22T19:00:00Z,GROUP_STAGE,Juventus FC,109,FK Lokomotiv Moskva,5455,REGULAR,,,,,0,0,0,0,109|5455,1
CL,2019,283624,2019-10-23T16:55:00Z,GROUP_STAGE,RB Leipzig,721,FK Zenit Sankt-Petersburg,731,REGULAR,,,,,0,0,0,0,721|731,1
CL,2019,283636,2019-10-23T16:55:00Z,GROUP_STAGE,AFC Ajax,678,Chelsea FC,61,REGULAR,,,,,0,0,0,0,61|678,1
CL,2019,283600,2019-10-23T19:00:00Z,GROUP_STAGE,FC Red Bull Salzburg,1877,SSC Napoli,113,REGULAR,,,,,0,0,0,0,113|1877,1
CL,2019,283601,2019-10-23T19:00:00Z,GROUP_STAGE,KRC Genk,1858,Liverpool FC,64,REGULAR,,,,,0,0,0,0,64|1858,1
CL,2019,283612,2019-10-23T19:00:00Z,GROUP_STAGE,FC Internazionale Milano,108,BV Borussia 09 Dortmund,4,REGULAR,,,,,0,0,0,0,4|108,1
CL,2019,283613,2019-10-23T19:00:00Z,GROUP_STAGE,SK Slavia Praha,930,FC Barcelona,81,REGULAR,,,,,0,0,0,0,81|930,1
CL,2019,283625,2019-10-23T19:00:00Z,GROUP_STAGE,Sport Lisboa e Benfica,1903,Olympique Lyonnais,523,REGULAR,,,,,0,0,0,0,523|1903,1
CL,2019,283637,2019-10-23T19:00:00Z,GROUP_STAGE,Lille OSC,521,Valencia CF,95,REGULAR,,,,,0,0,0,0,95|521,1
CL,2019,283614,2019-11-05T17:55:00Z,GROUP_STAGE,FC Barcelona,81,SK Slavia Praha,930,REGULAR,,,,,0,0,0,0,81|930,2
CL,2019,283626,2019-11-05T17:55:00Z,GROUP_STAGE,FK Zenit Sankt-Petersburg,731,RB Leipzig,721,REGULAR,,,,,0,0,0,0,721|731,2
CL,2019,283602,2019-11-05T20:00:00Z,GROUP_STAGE,Liverpool FC,64,KRC Genk,1858,REGULAR,,,,,0,0,0,0,64|1858,2
CL,2019,283603,2019-11-05T20:00:00Z,GROUP_STAGE,SSC Napoli,113,FC Red Bull Salzburg,1877,REGULAR,,,,,0,0,0,0,113|1877,2
CL,2019,283615,2019-11-05T20:00:00Z,GROUP_STAGE,BV Borussia 09 Dortmund,4,FC Internazionale Milano,108,REGULAR,,,,,0,0,0,0,4|108,2
CL,2019,283627,2019-11-05T20:00:00Z,GROUP_STAGE,Olympique Lyonnais,523,Sport Lisboa e Benfica,1903,REGULAR,,,,,0,0,0,0,523|1903,2
CL,2019,283638,2019-11-05T20:00:00Z,GROUP_STAGE,Chelsea FC,61,AFC Ajax,678,REGULAR,,,,,0,0,0,0,61|678,2
CL,2019,283639,2019-11-05T20:00:00Z,GROUP_STAGE,Valencia CF,95,Lille OSC,521,REGULAR,,,,,0,0,0,0,95|521,2
CL,2019,283566,2019-11-06T17:55:00Z,GROUP_STAGE,FC Bayern München,5,PAE Olympiakos SFP,654,REGULAR,,,,,0,0,0,0,5|654,2
CL,2019,283590,2019-11-06T17:55:00Z,GROUP_STAGE,FK Lokomotiv Moskva,5455,Juventus FC,109,REGULAR,,,,,0,0,0,0,109|5455,2
CL,2019,283554,2019-11-06T20:00:00Z,GROUP_STAGE,Paris Saint-Germain FC,524,Club Brugge KV,851,REGULAR,,,,,0,0,0,0,524|851,2
CL,2019,283555,2019-11-06T20:00:00Z,GROUP_STAGE,Real Madrid CF,86,Galatasaray SK,610,REGULAR,,,,,0,0,0,0,86|610,2
CL,2019,283567,2019-11-06T20:00:00Z,GROUP_STAGE,FK Crvena Zvezda,7283,Tottenham Hotspur FC,73,REGULAR,,,,,0,0,0,0,73|7283,2
CL,2019,283578,2019-11-06T20:00:00Z,GROUP_STAGE,Atalanta BC,102,Manchester City FC,65,REGULAR,,,,,0,0,0,0,65|102,2
CL,2019,283579,2019-11-06T20:00:00Z,GROUP_STAGE,GNK Dinamo Zagreb,755,FK Shakhtar Donetsk,1887,REGULAR,,,,,0,0,0,0,755|1887,2
CL,2019,283591,2019-11-06T20:00:00Z,GROUP_STAGE,Bayer 04 Leverkusen,3,Club Atlético de Madrid,78,REGULAR,,,,,0,0,0,0,3|78,2
CL,2019,283556,2019-11-26T17:55:00Z,GROUP_STAGE,Galatasaray SK,610,Club Brugge KV,851,REGULAR,,,,,0,0,0,0,610|851,2
CL,2019,283592,2019-11-26T17:55:00Z,GROUP_STAGE,FK Lokomotiv Moskva,5455,Bayer 04 Leverkusen,3,REGULAR,,,,,0,0,0,0,3|5455,2
CL,2019,283557,2019-11-26T20:00:00Z,GROUP_STAGE,Real Madrid CF,86,Paris Saint-Germain FC,524,REGULAR,,,,,0,0,0,0,86|524,2
CL,2019,283568,2019-11-26T20:00:00Z,GROUP_STAGE,Tottenham Hotspur FC,73,PAE Olympiakos SFP,654,REGULAR,,,,,0,0,0,0,73|654,2
CL,2019,283569,2019-11-26T20:00:00Z,GROUP_STAGE,FK Crvena Zvezda,7283,FC Bayern München,5,REGULAR,,,,,0,0,0,0,5|7283,2
CL,2019,283580,2019-11-26T20:00:00Z,GROUP_STAGE,Manchester City FC,65,FK Shakhtar Donetsk,1887,REGULAR,,,,,0,0,0,0,65|1887,2
CL,2019,283581,2019-11-26T20:00:00Z,GROUP_STAGE,Atalanta BC,102,GNK Dinamo Zagreb,755,REGULAR,,,,,0,0,0,0,102|755,2
CL,2019,283593,2019-11-26T20:00:00Z,GROUP_STAGE,Juventus FC,109,Club Atlético de Madrid,78,REGULAR,,,,,0,0,0,0,78|109,2
CL,2019,283628,2019-11-27T17:55:00Z,GROUP_STAGE,FK Zenit Sankt-Petersburg,731,Olympique Lyonnais,523,REGULAR,,,,,0,0,0,0,523|731,2
CL,2019,283641,2019-11-27T17:55:00Z,GROUP_STAGE,Valencia CF,95,Chelsea FC,61,REGULAR,,,,,0,0,0,0,61|95,2
CL,2019,283604,2019-11-27T20:00:00Z,GROUP_STAGE,Liverpool FC,64,SSC Napoli,113,REGULAR,,,,,0,0,0,0,64|113,2
CL,2019,283605,2019-11-27T20:00:00Z,GROUP_STAGE,KRC Genk,1858,FC Red Bull Salzburg,1877,REGULAR,,,,,0,0,0,0,1858|1877,2
CL,2019,283616,2019-11-27T20:00:00Z,GROUP_STAGE,FC Barcelona,81,BV Borussia 09 Dortmund,4,REGULAR,,,,,0,0,0,0,4|81,2
CL,2019,283617,2019-11-27T20:00:00Z,GROUP_STAGE,SK Slavia Praha,930,FC Internazionale Milano,108,REGULAR,,,,,0,0,0,0,108|930,2
CL,2019,283629,2019-11-27T20:00:00Z,GROUP_STAGE,RB Leipzig,721,Sport Lisboa e Benfica,1903,REGULAR,,,,,0,0,0,0,721|1903,2
CL,2019,283640,2019-11-27T20:00:00Z,GROUP_STAGE,Lille OSC,521,AFC Ajax,678,REGULAR,,,,,0,0,0,0,521|678,2
CL,2019,283606,2019-12-10T17:55:00Z,GROUP_STAGE,SSC Napoli,113,KRC Genk,1858,REGULAR,,,,,0,0,0,0,113|1858,2
CL,2019,283607,2019-12-10T17:55:00Z,GROUP_STAGE,FC Red Bull Salzburg,1877,Liverpool FC,64,REGULAR,,,,,0,0,0,0,64|1877,2
CL,2019,283618,2019-12-10T20:00:00Z,GROUP_STAGE,BV Borussia 09 Dortmund,4,SK Slavia Praha,930,REGULAR,,,,,0,0,0,0,4|930,2
CL,2019,283619,2019-12-10T20:00:00Z,GROUP_STAGE,FC Internazionale Milano,108,FC Barcelona,81,REGULAR,,,,,0,0,0,0,81|108,2
CL,2019,283630,2019-12-10T20:00:00Z,GROUP_STAGE,Olympique Lyonnais,523,RB Leipzig,721,REGULAR,,,,,0,0,0,0,523|721,2
CL,2019,283631,2019-12-10T20:00:00Z,GROUP_STAGE,Sport Lisboa e Benfica,1903,FK Zenit Sankt-Petersburg,731,REGULAR,,,,,0,0,0,0,731|1903,2
CL,2019,283642,2019-12-10T20:00:00Z,GROUP_STAGE,Chelsea FC,61,Lille OSC,521,REGULAR,,,,,0,0,0,0,61|521,2
CL,2019,283643,2019-12-10T20:00:00Z,GROUP_STAGE,AFC Ajax,678,Valencia CF,95,REGULAR,,,,,0,0,0,0,95|678,2
CL,2019,283582,2019-12-11T17:55:00Z,GROUP_STAGE,FK Shakhtar Donetsk,1887,Atalanta BC,102,REGULAR,,,,,0,0,0,0,102|1887,2
CL,2019,283583,2019-12-11T17:55:00Z,GROUP_STAGE,GNK Dinamo Zagreb,755,Manchester City FC,65,REGULAR,,,,,0,0,0,0,65|755,2
CL,2019,283558,2019-12-11T20:00:00Z,GROUP_STAGE,Paris Saint-Germain FC,524,Galatasaray SK,610,REGULAR,,,,,0,0,0,0,524|610,2
CL,2019,283559,2019-12-11T20:00:00Z,GROUP_STAGE,Club Brugge KV,851,Real Madrid CF,86,REGULAR,,,,,0,0,0,0,86|851,2
CL,2019,283570,2019-12-11T20:00:00Z,GROUP_STAGE,FC Bayern München,5,Tottenham Hotspur FC,73,REGULAR,,,,,0,0,0,0,5|73,2
CL,2019,283571,2019-12-11T20:00:00Z,GROUP_STAGE,PAE Olympiakos SFP,654,FK Crvena Zvezda,7283,REGULAR,,,,,0,0,0,0,654|7283,2
CL,2019,283594,2019-12-11T20:00:00Z,GROUP_STAGE,Bayer 04 Leverkusen,3,Juventus FC,109,REGULAR,,,,,0,0,0,0,3|109,2
CL,2019,283595,2019-12-11T20:00:00Z,GROUP_STAGE,Club Atlético de Madrid,78,FK Lokomotiv Moskva,5455,REGULAR,,,,,0,0,0,0,78|5455,2
