comp,season,stage,tieid,team1id,team2id,team1,team2,matchid.g1,matchid.g2,goals1,goals2,awaygoals1,awaygoals2,goals1ft,goals2ft,awaygoals1ft,awaygoals2ft,goals1et,goals2et,pens1,pens2,winner,aet,agr,pk,result
CL,2017,1ST_QUALIFYING_ROUND,1870|1879,1870,1879,FC Alashkert,FC Santa Coloma,200068,200069,2,1,1,0,2,1,1,0,0,0,0,0,FC Alashkert,FALSE,FALSE,FALSE,FC Alashkert (2-1) FC Santa Coloma
CL,2017,1ST_QUALIFYING_ROUND,1905|1906,1905,1906,Víkingur Gøta,KF Trepça '89 Mitrovicë,200064,200065,6,2,4,1,6,2,4,1,0,0,0,0,Víkingur Gøta,FALSE,FALSE,FALSE,Víkingur Gøta (6-2) KF Trepça '89 Mitrovicë
CL,2017,1ST_QUALIFYING_ROUND,1882|1892,1892,1882,Hibernians FC,FCI Tallinn,200066,200067,3,0,1,0,3,0,1,0,0,0,0,0,Hibernians FC,FALSE,FALSE,FALSE,Hibernians FC (3-0) FCI Tallinn
CL,2017,1ST_QUALIFYING_ROUND,1874|1904,1904,1874,The New Saints FC,Europa FC,200070,200071,4,3,3,2,3,3,2,2,1,0,0,0,The New Saints FC,TRUE,FALSE,FALSE,The New Saints FC (4-3 aet) Europa FC
CL,2017,1ST_QUALIFYING_ROUND,1896|1902,1896,1902,Linfield FC,SP La Fiorita,200072,200073,1,0,0,0,1,0,0,0,0,0,0,0,Linfield FC,FALSE,FALSE,FALSE,Linfield FC (1-0) SP La Fiorita
CL,2017,2ND_QUALIFYING_ROUND,611|1878,611,1878,Qarabağ Ağdam FK,FC Samtredia,200078,200079,6,0,1,0,6,0,1,0,0,0,0,0,Qarabağ Ağdam FK,FALSE,FALSE,FALSE,Qarabağ Ağdam FK (6-0) FC Samtredia
CL,2017,2ND_QUALIFYING_ROUND,1877|1892,1892,1877,Hibernians FC,FC Red Bull Salzburg,200098,200099,0,6,0,3,0,6,0,3,0,0,0,0,FC Red Bull Salzburg,FALSE,FALSE,FALSE,Hibernians FC (0-6) FC Red Bull Salzburg
CL,2017,2ND_QUALIFYING_ROUND,850|1885,850,1885,FK Partizan Beograd,FK Budućnost Podgorica,200080,200081,2,0,0,0,2,0,0,0,0,0,0,0,FK Partizan Beograd,FALSE,FALSE,FALSE,FK Partizan Beograd (2-0) FK Budućnost Podgorica
CL,2017,2ND_QUALIFYING_ROUND,1893|1904,1893,1904,HNK Rijeka,The New Saints FC,200102,200103,7,1,5,0,7,1,5,0,0,0,0,0,HNK Rijeka,FALSE,FALSE,FALSE,HNK Rijeka (7-1) The New Saints FC
CL,2017,2ND_QUALIFYING_ROUND,1884|1888,1888,1884,FK Spartaks Jūrmala,Astana FK,200084,200085,1,2,1,1,1,2,1,1,0,0,0,0,Astana FK,FALSE,FALSE,FALSE,FK Spartaks Jūrmala (1-2) Astana FK
CL,2017,2ND_QUALIFYING_ROUND,752|1875,752,1875,APOEL FC,F91 Diddeleng,200074,200075,2,0,1,0,2,0,1,0,0,0,0,0,APOEL FC,FALSE,FALSE,FALSE,APOEL FC (2-0) F91 Diddeleng
CL,2017,2ND_QUALIFYING_ROUND,1880|1886,1880,1886,FC Sheriff Tiraspol,FK Kukësi,200082,200083,2,2,1,0,2,2,1,0,0,0,0,0,FC Sheriff Tiraspol,FALSE,TRUE,FALSE,"FC Sheriff Tiraspol (2-2) FK Kukësi, FC Sheriff Tiraspol won on away goals"
CL,2017,2ND_QUALIFYING_ROUND,1872|1891,1891,1872,Hapoel Be'er Sheva FC,Budapest Honvéd FC,200088,200089,5,3,3,1,5,3,3,1,0,0,0,0,Hapoel Be'er Sheva FC,FALSE,FALSE,FALSE,Hapoel Be'er Sheva FC (5-3) Budapest Honvéd FC
CL,2017,2ND_QUALIFYING_ROUND,749|1889,749,1889,Malmö FF,FK Vardar Skopje,200090,200091,2,4,1,1,2,4,1,1,0,0,0,0,FK Vardar Skopje,FALSE,FALSE,FALSE,Malmö FF (2-4) FK Vardar Skopje
CL,2017,2ND_QUALIFYING_ROUND,734|1894,1894,734,HŠK Zrinjski Mostar,NK Maribor,200092,200093,2,3,1,2,2,3,1,2,0,0,0,0,NK Maribor,FALSE,FALSE,FALSE,HŠK Zrinjski Mostar (2-3) NK Maribor
CL,2017,2ND_QUALIFYING_ROUND,748|1870,748,1870,FK BATE Borisov,FC Alashkert,200100,200101,4,2,3,1,4,2,3,1,0,0,0,0,FK BATE Borisov,FALSE,FALSE,FALSE,FK BATE Borisov (4-2) FC Alashkert
CL,2017,2ND_QUALIFYING_ROUND,1890|1901,1890,1901,FK Žalgiris Vilnius,PFK Ludogorets 1945 Razgrad,200076,200077,3,5,1,1,3,5,1,1,0,0,0,0,PFK Ludogorets 1945 Razgrad,FALSE,FALSE,FALSE,FK Žalgiris Vilnius (3-5) PFK Ludogorets 1945 Razgrad
CL,2017,2ND_QUALIFYING_ROUND,1105|1895,1895,1105,IFK Mariehamn,Legia Warszawa,200096,200097,0,9,0,3,0,9,0,3,0,0,0,0,Legia Warszawa,FALSE,FALSE,FALSE,IFK Mariehamn (0-9) Legia Warszawa
CL,2017,2ND_QUALIFYING_ROUND,1876|1898,1898,1876,MSK Žilina,FC København,200086,200087,3,4,2,3,3,4,2,3,0,0,0,0,FC København,FALSE,FALSE,FALSE,MSK Žilina (3-4) FC København
CL,2017,2ND_QUALIFYING_ROUND,889|1873,1873,889,Dundalk FC,Rosenborg BK,200094,200095,2,3,1,1,2,2,1,1,0,1,0,0,Rosenborg BK,TRUE,FALSE,FALSE,Dundalk FC (2-3 aet) Rosenborg BK
CL,2017,2ND_QUALIFYING_ROUND,1905|1907,1907,1905,FH Hafnarfjörður,Víkingur Gøta,200104,200105,3,1,2,1,3,1,2,1,0,0,0,0,FH Hafnarfjörður,FALSE,FALSE,FALSE,FH Hafnarfjörður (3-1) Víkingur Gøta
CL,2017,2ND_QUALIFYING_ROUND,732|1896,1896,732,Linfield FC,Celtic FC,200106,200107,0,6,0,2,0,6,0,2,0,0,0,0,Celtic FC,FALSE,FALSE,FALSE,Linfield FC (0-6) Celtic FC
CL,2017,3RD_QUALIFYING_ROUND,748|930,930,748,SK Slavia Praha,FK BATE Borisov,200120,200121,2,2,1,0,2,2,1,0,0,0,0,0,SK Slavia Praha,FALSE,TRUE,FALSE,"SK Slavia Praha (2-2) FK BATE Borisov, SK Slavia Praha won on away goals"
CL,2017,3RD_QUALIFYING_ROUND,611|1880,611,1880,Qarabağ Ağdam FK,FC Sheriff Tiraspol,200130,200131,2,1,2,0,2,1,2,0,0,0,0,0,Qarabağ Ağdam FK,FALSE,FALSE,FALSE,Qarabağ Ağdam FK (2-1) FC Sheriff Tiraspol
CL,2017,3RD_QUALIFYING_ROUND,1881|1883,1883,1881,FCSB,FC Viktoria Plzeň,200108,200109,6,3,4,2,6,3,4,2,0,0,0,0,FCSB,FALSE,FALSE,FALSE,FCSB (6-3) FC Viktoria Plzeň
CL,2017,3RD_QUALIFYING_ROUND,1899|1900,1899,1900,PAE AEK,PFC CSKA Moskva,200114,200115,0,3,0,2,0,3,0,2,0,0,0,0,PFC CSKA Moskva,FALSE,FALSE,FALSE,PAE AEK (0-3) PFC CSKA Moskva
CL,2017,3RD_QUALIFYING_ROUND,1876|1889,1889,1876,FK Vardar Skopje,FC København,200134,200135,2,4,1,0,2,4,1,0,0,0,0,0,FC København,FALSE,FALSE,FALSE,FK Vardar Skopje (2-4) FC København
CL,2017,3RD_QUALIFYING_ROUND,654|850,850,654,FK Partizan Beograd,PAE Olympiakos SFP,200118,200119,3,5,2,3,3,5,2,3,0,0,0,0,PAE Olympiakos SFP,FALSE,FALSE,FALSE,FK Partizan Beograd (3-5) PAE Olympiakos SFP
CL,2017,3RD_QUALIFYING_ROUND,1105|1884,1884,1105,Astana FK,Legia Warszawa,200132,200133,3,2,0,1,3,2,0,1,0,0,0,0,Astana FK,FALSE,FALSE,FALSE,Astana FK (3-2) Legia Warszawa
CL,2017,3RD_QUALIFYING_ROUND,842|1871,842,1871,FK Dynamo Kyiv,BSC Young Boys,200112,200113,3,3,0,1,3,3,0,1,0,0,0,0,BSC Young Boys,FALSE,TRUE,FALSE,"FK Dynamo Kyiv (3-3) BSC Young Boys, BSC Young Boys won on away goals"
CL,2017,3RD_QUALIFYING_ROUND,1877|1893,1877,1893,FC Red Bull Salzburg,HNK Rijeka,200128,200129,1,1,0,1,1,1,0,1,0,0,0,0,HNK Rijeka,FALSE,TRUE,FALSE,"FC Red Bull Salzburg (1-1) HNK Rijeka, HNK Rijeka won on away goals"
CL,2017,3RD_QUALIFYING_ROUND,1891|1901,1891,1901,Hapoel Be'er Sheva FC,PFK Ludogorets 1945 Razgrad,200124,200125,3,3,1,0,3,3,1,0,0,0,0,0,Hapoel Be'er Sheva FC,FALSE,TRUE,FALSE,"Hapoel Be'er Sheva FC (3-3) PFK Ludogorets 1945 Razgrad, Hapoel Be'er Sheva FC won on away goals"
CL,2017,3RD_QUALIFYING_ROUND,708|752,708,752,FC Viitorul Constanţa,APOEL FC,200122,200123,1,4,0,0,1,1,0,0,0,3,0,0,APOEL FC,TRUE,FALSE,FALSE,FC Viitorul Constanţa (1-4 aet) APOEL FC
CL,2017,3RD_QUALIFYING_ROUND,734|1907,734,1907,NK Maribor,FH Hafnarfjörður,200126,200127,2,0,1,0,2,0,1,0,0,0,0,0,NK Maribor,FALSE,FALSE,FALSE,NK Maribor (2-0) FH Hafnarfjörður
CL,2017,3RD_QUALIFYING_ROUND,522|678,522,678,OGC Nice,AFC Ajax,200110,200111,3,3,2,1,3,3,2,1,0,0,0,0,OGC Nice,FALSE,TRUE,FALSE,"OGC Nice (3-3) AFC Ajax, OGC Nice won on away goals"
CL,2017,3RD_QUALIFYING_ROUND,732|889,732,889,Celtic FC,Rosenborg BK,200136,200137,1,0,1,0,1,0,1,0,0,0,0,0,Celtic FC,FALSE,FALSE,FALSE,Celtic FC (1-0) Rosenborg BK
CL,2017,3RD_QUALIFYING_ROUND,851|1897,851,1897,Club Brugge KV,Medipol Başakşehir FK,200116,200117,3,5,0,3,3,5,0,3,0,0,0,0,Medipol Başakşehir FK,FALSE,FALSE,FALSE,Club Brugge KV (3-5) Medipol Başakşehir FK
CL,2017,PLAY_OFF_ROUND,611|1876,611,1876,Qarabağ Ağdam FK,FC København,200138,200139,2,2,1,0,2,2,1,0,0,0,0,0,Qarabağ Ağdam FK,FALSE,TRUE,FALSE,"Qarabağ Ağdam FK (2-2) FC København, Qarabağ Ağdam FK won on away goals"
CL,2017,PLAY_OFF_ROUND,752|930,752,930,APOEL FC,SK Slavia Praha,200140,200141,2,0,0,0,2,0,0,0,0,0,0,0,APOEL FC,FALSE,FALSE,FALSE,APOEL FC (2-0) SK Slavia Praha
CL,2017,PLAY_OFF_ROUND,1871|1900,1871,1900,BSC Young Boys,PFC CSKA Moskva,200150,200151,0,3,0,1,0,3,0,1,0,0,0,0,PFC CSKA Moskva,FALSE,FALSE,FALSE,BSC Young Boys (0-3) PFC CSKA Moskva
CL,2017,PLAY_OFF_ROUND,2|64,2,64,TSG 1899 Hoffenheim,Liverpool FC,200154,200155,3,6,2,2,3,6,2,2,0,0,0,0,Liverpool FC,FALSE,FALSE,FALSE,TSG 1899 Hoffenheim (3-6) Liverpool FC
CL,2017,PLAY_OFF_ROUND,498|1883,498,1883,Sporting Clube de Portugal,FCSB,200156,200157,5,1,5,0,5,1,5,0,0,0,0,0,Sporting Clube de Portugal,FALSE,FALSE,FALSE,Sporting Clube de Portugal (5-1) FCSB
CL,2017,PLAY_OFF_ROUND,654|1893,654,1893,PAE Olympiakos SFP,HNK Rijeka,200142,200143,3,1,1,1,3,1,1,1,0,0,0,0,PAE Olympiakos SFP,FALSE,FALSE,FALSE,PAE Olympiakos SFP (3-1) HNK Rijeka
CL,2017,PLAY_OFF_ROUND,732|1884,732,1884,Celtic FC,Astana FK,200144,200145,8,4,3,0,8,4,3,0,0,0,0,0,Celtic FC,FALSE,FALSE,FALSE,Celtic FC (8-4) Astana FK
CL,2017,PLAY_OFF_ROUND,734|1891,1891,734,Hapoel Be'er Sheva FC,NK Maribor,200146,200147,2,2,0,1,2,2,0,1,0,0,0,0,NK Maribor,FALSE,TRUE,FALSE,"Hapoel Be'er Sheva FC (2-2) NK Maribor, NK Maribor won on away goals"
CL,2017,PLAY_OFF_ROUND,559|1897,1897,559,Medipol Başakşehir FK,Sevilla FC,200148,200149,3,4,2,2,3,4,2,2,0,0,0,0,Sevilla FC,FALSE,FALSE,FALSE,Medipol Başakşehir FK (3-4) Sevilla FC
CL,2017,PLAY_OFF_ROUND,113|522,113,522,SSC Napoli,OGC Nice,200152,200153,4,0,2,0,4,0,2,0,0,0,0,0,SSC Napoli,FALSE,FALSE,FALSE,SSC Napoli (4-0) OGC Nice
CL,2017,ROUND_OF_16,73|109,109,73,Juventus FC,Tottenham Hotspur FC,200254,200255,4,3,2,2,4,3,2,2,0,0,0,0,Juventus FC,FALSE,FALSE,FALSE,Juventus FC (4-3) Tottenham Hotspur FC
CL,2017,ROUND_OF_16,65|729,729,65,FC Basel 1893,Manchester City FC,200256,200257,2,5,2,4,2,5,2,4,0,0,0,0,Manchester City FC,FALSE,FALSE,FALSE,FC Basel 1893 (2-5) Manchester City FC
CL,2017,ROUND_OF_16,64|503,503,64,FC Porto,Liverpool FC,200258,200259,0,5,0,5,0,5,0,5,0,0,0,0,Liverpool FC,FALSE,FALSE,FALSE,FC Porto (0-5) Liverpool FC
CL,2017,ROUND_OF_16,86|524,86,524,Real Madrid CF,Paris Saint-Germain FC,200262,200263,5,2,2,1,5,2,2,1,0,0,0,0,Real Madrid CF,FALSE,FALSE,FALSE,Real Madrid CF (5-2) Paris Saint-Germain FC
CL,2017,ROUND_OF_16,61|81,61,81,Chelsea FC,FC Barcelona,200266,200267,1,4,0,1,1,4,0,1,0,0,0,0,FC Barcelona,FALSE,FALSE,FALSE,Chelsea FC (1-4) FC Barcelona
CL,2017,ROUND_OF_16,5|600,5,600,FC Bayern München,Beşiktaş JK,200268,200269,8,1,3,0,8,1,3,0,0,0,0,0,FC Bayern München,FALSE,FALSE,FALSE,FC Bayern München (8-1) Beşiktaş JK
CL,2017,ROUND_OF_16,66|559,559,66,Sevilla FC,Manchester United FC,200260,200261,2,1,2,0,2,1,2,0,0,0,0,0,Sevilla FC,FALSE,FALSE,FALSE,Sevilla FC (2-1) Manchester United FC
CL,2017,ROUND_OF_16,100|1887,1887,100,FK Shakhtar Donetsk,AS Roma,200264,200265,2,2,0,1,2,2,0,1,0,0,0,0,AS Roma,FALSE,TRUE,FALSE,"FK Shakhtar Donetsk (2-2) AS Roma, AS Roma won on away goals"
CL,2017,QUARTER_FINALS,5|559,559,5,Sevilla FC,FC Bayern München,200272,200273,1,2,0,2,1,2,0,2,0,0,0,0,FC Bayern München,FALSE,FALSE,FALSE,Sevilla FC (1-2) FC Bayern München
CL,2017,QUARTER_FINALS,86|109,109,86,Juventus FC,Real Madrid CF,200276,200277,3,4,3,3,3,4,3,3,0,0,0,0,Real Madrid CF,FALSE,FALSE,FALSE,Juventus FC (3-4) Real Madrid CF
CL,2017,QUARTER_FINALS,81|100,81,100,FC Barcelona,AS Roma,200270,200271,4,4,0,1,4,4,0,1,0,0,0,0,AS Roma,FALSE,TRUE,FALSE,"FC Barcelona (4-4) AS Roma, AS Roma won on away goals"
CL,2017,QUARTER_FINALS,64|65,64,65,Liverpool FC,Manchester City FC,200274,200275,5,1,2,0,5,1,2,0,0,0,0,0,Liverpool FC,FALSE,FALSE,FALSE,Liverpool FC (5-1) Manchester City FC
CL,2017,SEMI_FINALS,64|100,64,100,Liverpool FC,AS Roma,200280,200281,7,6,2,2,7,6,2,2,0,0,0,0,Liverpool FC,FALSE,FALSE,FALSE,Liverpool FC (7-6) AS Roma
CL,2017,SEMI_FINALS,5|86,5,86,FC Bayern München,Real Madrid CF,200278,200279,3,4,2,2,3,4,2,2,0,0,0,0,Real Madrid CF,FALSE,FALSE,FALSE,FC Bayern München (3-4) Real Madrid CF
CL,2018,1ST_QUALIFYING_ROUND,1880|7286,7286,1880,FC Torpedo Kutaisi,FC Sheriff Tiraspol,238919,238920,2,4,0,1,2,4,0,1,0,0,0,0,FC Sheriff Tiraspol,FALSE,FALSE,FALSE,FC Torpedo Kutaisi (2-4) FC Sheriff Tiraspol
CL,2018,1ST_QUALIFYING_ROUND,1891|5100,5100,1891,FC Flora,Hapoel Be'er Sheva FC,238941,238942,2,7,1,4,2,7,1,4,0,0,0,0,Hapoel Be'er Sheva FC,FALSE,FALSE,FALSE,FC Flora (2-7) Hapoel Be'er Sheva FC
CL,2018,1ST_QUALIFYING_ROUND,1875|5961,1875,5961,F91 Diddeleng,MOL Fehérvár FC,238927,238928,2,3,1,1,2,3,1,1,0,0,0,0,MOL Fehérvár FC,FALSE,FALSE,FALSE,F91 Diddeleng (2-3) MOL Fehérvár FC
CL,2018,1ST_QUALIFYING_ROUND,732|1870,1870,732,FC Alashkert,Celtic FC,238945,238946,0,6,0,3,0,6,0,3,0,0,0,0,Celtic FC,FALSE,FALSE,FALSE,FC Alashkert (0-6) Celtic FC
CL,2018,1ST_QUALIFYING_ROUND,1905|5123,1905,5123,Víkingur Gøta,Helsingin JK,238931,238932,2,5,1,2,2,5,1,2,0,0,0,0,Helsingin JK,FALSE,FALSE,FALSE,Víkingur Gøta (2-5) Helsingin JK
CL,2018,1ST_QUALIFYING_ROUND,1904|7285,7285,1904,KF Shkëndija 79,The New Saints FC,238921,238922,5,4,0,0,5,4,0,0,0,0,0,0,KF Shkëndija 79,FALSE,FALSE,FALSE,KF Shkëndija 79 (5-4) The New Saints FC
CL,2018,1ST_QUALIFYING_ROUND,749|7282,7282,749,Drita KF Gjilan,Malmö FF,238929,238930,0,5,0,3,0,5,0,3,0,0,0,0,Malmö FF,FALSE,FALSE,FALSE,Drita KF Gjilan (0-5) Malmö FF
CL,2018,1ST_QUALIFYING_ROUND,1105|5520,5520,1105,Cork City FC,Legia Warszawa,238935,238936,0,4,0,1,0,4,0,1,0,0,0,0,Legia Warszawa,FALSE,FALSE,FALSE,Cork City FC (0-4) Legia Warszawa
CL,2018,1ST_QUALIFYING_ROUND,1884|7284,1884,7284,Astana FK,FK Sutjeska Nikšić,238949,238950,3,0,2,0,3,0,2,0,0,0,0,0,Astana FK,FALSE,FALSE,FALSE,Astana FK (3-0) FK Sutjeska Nikšić
CL,2018,1ST_QUALIFYING_ROUND,752|5819,5819,752,FK Sūduva Marijampolė,APOEL FC,238923,238924,3,2,0,1,3,2,0,1,0,0,0,0,FK Sūduva Marijampolė,FALSE,FALSE,FALSE,FK Sūduva Marijampolė (3-2) APOEL FC
CL,2018,1ST_QUALIFYING_ROUND,1888|7283,1888,7283,FK Spartaks Jūrmala,FK Crvena Zvezda,238943,238944,0,2,0,0,0,2,0,0,0,0,0,0,FK Crvena Zvezda,FALSE,FALSE,FALSE,FK Spartaks Jūrmala (0-2) FK Crvena Zvezda
CL,2018,1ST_QUALIFYING_ROUND,1894|7288,7288,1894,FC Spartak Trnava,HŠK Zrinjski Mostar,238947,238948,2,1,1,0,2,1,1,0,0,0,0,0,FC Spartak Trnava,FALSE,FALSE,FALSE,FC Spartak Trnava (2-1) HŠK Zrinjski Mostar
CL,2018,1ST_QUALIFYING_ROUND,1901|5740,1901,5740,PFK Ludogorets 1945 Razgrad,Crusaders FC,238933,238934,9,0,2,0,9,0,2,0,0,0,0,0,PFK Ludogorets 1945 Razgrad,FALSE,FALSE,FALSE,PFK Ludogorets 1945 Razgrad (9-0) Crusaders FC
CL,2018,1ST_QUALIFYING_ROUND,1886|5813,1886,5813,FK Kukësi,Valletta FC,238939,238940,1,1,1,0,1,1,1,0,0,0,0,0,FK Kukësi,FALSE,TRUE,FALSE,"FK Kukësi (1-1) Valletta FC, FK Kukësi won on away goals"
CL,2018,1ST_QUALIFYING_ROUND,611|7287,7287,611,NK Olimpija Ljubljana,Qarabağ Ağdam FK,238925,238926,0,1,0,1,0,1,0,1,0,0,0,0,Qarabağ Ağdam FK,FALSE,FALSE,FALSE,NK Olimpija Ljubljana (0-1) Qarabağ Ağdam FK
CL,2018,1ST_QUALIFYING_ROUND,889|5945,5945,889,KF Valur,Rosenborg BK,238937,238938,2,3,1,0,2,3,1,0,0,0,0,0,Rosenborg BK,FALSE,FALSE,FALSE,KF Valur (2-3) Rosenborg BK
CL,2018,2ND_QUALIFYING_ROUND,1884|4485,1884,4485,Astana FK,FC Midtjylland,247754,247755,2,1,0,1,2,1,0,1,0,0,0,0,Astana FK,FALSE,FALSE,FALSE,Astana FK (2-1) FC Midtjylland
CL,2018,2ND_QUALIFYING_ROUND,749|5515,5515,749,FC CFR 1907 Cluj,Malmö FF,247752,247753,1,2,1,1,1,2,1,1,0,0,0,0,Malmö FF,FALSE,FALSE,FALSE,FC CFR 1907 Cluj (1-2) Malmö FF
CL,2018,2ND_QUALIFYING_ROUND,729|6146,6146,729,PAOK FC,FC Basel 1893,238951,238952,5,1,3,1,5,1,3,1,0,0,0,0,PAOK FC,FALSE,FALSE,FALSE,PAOK FC (5-1) FC Basel 1893
CL,2018,2ND_QUALIFYING_ROUND,755|1891,755,1891,GNK Dinamo Zagreb,Hapoel Be'er Sheva FC,247756,247757,7,2,2,0,7,2,2,0,0,0,0,0,GNK Dinamo Zagreb,FALSE,FALSE,FALSE,GNK Dinamo Zagreb (7-2) Hapoel Be'er Sheva FC
CL,2018,2ND_QUALIFYING_ROUND,1880|7285,7285,1880,KF Shkëndija 79,FC Sheriff Tiraspol,247758,247759,1,0,0,0,1,0,0,0,0,0,0,0,KF Shkëndija 79,FALSE,FALSE,FALSE,KF Shkëndija 79 (1-0) FC Sheriff Tiraspol
CL,2018,2ND_QUALIFYING_ROUND,5819|7283,7283,5819,FK Crvena Zvezda,FK Sūduva Marijampolė,247760,247761,5,0,2,0,5,0,2,0,0,0,0,0,FK Crvena Zvezda,FALSE,FALSE,FALSE,FK Crvena Zvezda (5-0) FK Sūduva Marijampolė
CL,2018,2ND_QUALIFYING_ROUND,1105|7288,1105,7288,Legia Warszawa,FC Spartak Trnava,247762,247763,1,2,1,2,1,2,1,2,0,0,0,0,FC Spartak Trnava,FALSE,FALSE,FALSE,Legia Warszawa (1-2) FC Spartak Trnava
CL,2018,2ND_QUALIFYING_ROUND,748|5123,748,5123,FK BATE Borisov,Helsingin JK,247764,247765,2,1,2,0,2,1,2,0,0,0,0,0,FK BATE Borisov,FALSE,FALSE,FALSE,FK BATE Borisov (2-1) Helsingin JK
CL,2018,2ND_QUALIFYING_ROUND,611|1886,1886,611,FK Kukësi,Qarabağ Ağdam FK,247766,247767,0,3,0,0,0,3,0,0,0,0,0,0,Qarabağ Ağdam FK,FALSE,FALSE,FALSE,FK Kukësi (0-3) Qarabağ Ağdam FK
CL,2018,2ND_QUALIFYING_ROUND,1901|5961,1901,5961,PFK Ludogorets 1945 Razgrad,MOL Fehérvár FC,247768,247769,0,1,0,0,0,1,0,0,0,0,0,0,MOL Fehérvár FC,FALSE,FALSE,FALSE,PFK Ludogorets 1945 Razgrad (0-1) MOL Fehérvár FC
CL,2018,2ND_QUALIFYING_ROUND,678|2021,678,2021,AFC Ajax,SK Sturm Graz,238953,238954,5,1,3,0,5,1,3,0,0,0,0,0,AFC Ajax,FALSE,FALSE,FALSE,AFC Ajax (5-1) SK Sturm Graz
CL,2018,2ND_QUALIFYING_ROUND,732|889,732,889,Celtic FC,Rosenborg BK,247770,247771,3,1,0,1,3,1,0,1,0,0,0,0,Celtic FC,FALSE,FALSE,FALSE,Celtic FC (3-1) Rosenborg BK
CL,2018,3RD_QUALIFYING_ROUND,755|1884,1884,755,Astana FK,GNK Dinamo Zagreb,248391,248392,0,3,0,2,0,3,0,2,0,0,0,0,GNK Dinamo Zagreb,FALSE,FALSE,FALSE,Astana FK (0-3) GNK Dinamo Zagreb
CL,2018,3RD_QUALIFYING_ROUND,611|748,611,748,Qarabağ Ağdam FK,FK BATE Borisov,248393,248394,1,2,1,1,1,2,1,1,0,0,0,0,FK BATE Borisov,FALSE,FALSE,FALSE,Qarabağ Ağdam FK (1-2) FK BATE Borisov
CL,2018,3RD_QUALIFYING_ROUND,749|5961,749,5961,Malmö FF,MOL Fehérvár FC,248398,248397,1,1,0,1,1,1,0,1,0,0,0,0,MOL Fehérvár FC,FALSE,TRUE,FALSE,"Malmö FF (1-1) MOL Fehérvár FC, MOL Fehérvár FC won on away goals"
CL,2018,3RD_QUALIFYING_ROUND,842|930,930,842,SK Slavia Praha,FK Dynamo Kyiv,247780,247781,1,3,0,1,1,3,0,1,0,0,0,0,FK Dynamo Kyiv,FALSE,FALSE,FALSE,SK Slavia Praha (1-3) FK Dynamo Kyiv
CL,2018,3RD_QUALIFYING_ROUND,678|1866,1866,678,Royal Standard de Liège,AFC Ajax,247776,247777,2,5,0,2,2,5,0,2,0,0,0,0,AFC Ajax,FALSE,FALSE,FALSE,Royal Standard de Liège (2-5) AFC Ajax
CL,2018,3RD_QUALIFYING_ROUND,7283|7288,7283,7288,FK Crvena Zvezda,FC Spartak Trnava,247774,247775,3,2,2,1,2,2,1,1,1,0,0,0,FK Crvena Zvezda,TRUE,FALSE,FALSE,FK Crvena Zvezda (3-2 aet) FC Spartak Trnava
CL,2018,3RD_QUALIFYING_ROUND,613|1903,1903,613,Sport Lisboa e Benfica,Fenerbahçe SK,247778,247779,2,1,1,0,2,1,1,0,0,0,0,0,Sport Lisboa e Benfica,FALSE,FALSE,FALSE,Sport Lisboa e Benfica (2-1) Fenerbahçe SK
CL,2018,3RD_QUALIFYING_ROUND,1877|7285,1877,7285,FC Red Bull Salzburg,KF Shkëndija 79,248395,248396,4,0,1,0,4,0,1,0,0,0,0,0,FC Red Bull Salzburg,FALSE,FALSE,FALSE,FC Red Bull Salzburg (4-0) KF Shkëndija 79
CL,2018,3RD_QUALIFYING_ROUND,754|6146,6146,754,PAOK FC,FK Spartak Moskva,247782,247783,3,2,0,2,3,2,0,2,0,0,0,0,PAOK FC,FALSE,FALSE,FALSE,PAOK FC (3-2) FK Spartak Moskva
CL,2018,3RD_QUALIFYING_ROUND,732|1899,732,1899,Celtic FC,PAE AEK,247772,247773,2,3,1,1,2,3,1,1,0,0,0,0,PAE AEK,FALSE,FALSE,FALSE,Celtic FC (2-3) PAE AEK
CL,2018,PLAY_OFF_ROUND,1877|7283,7283,1877,FK Crvena Zvezda,FC Red Bull Salzburg,249991,249992,2,2,2,0,2,2,2,0,0,0,0,0,FK Crvena Zvezda,FALSE,TRUE,FALSE,"FK Crvena Zvezda (2-2) FC Red Bull Salzburg, FK Crvena Zvezda won on away goals"
CL,2018,PLAY_OFF_ROUND,1903|6146,1903,6146,Sport Lisboa e Benfica,PAOK FC,249993,249994,5,2,4,1,5,2,4,1,0,0,0,0,Sport Lisboa e Benfica,FALSE,FALSE,FALSE,Sport Lisboa e Benfica (5-2) PAOK FC
CL,2018,PLAY_OFF_ROUND,674|748,748,674,FK BATE Borisov,PSV,249523,249526,2,6,0,3,2,6,0,3,0,0,0,0,PSV,FALSE,FALSE,FALSE,FK BATE Borisov (2-6) PSV
CL,2018,PLAY_OFF_ROUND,1899|5961,5961,1899,MOL Fehérvár FC,PAE AEK,249995,249996,2,3,1,2,2,3,1,2,0,0,0,0,PAE AEK,FALSE,FALSE,FALSE,MOL Fehérvár FC (2-3) PAE AEK
CL,2018,PLAY_OFF_ROUND,678|842,678,842,AFC Ajax,FK Dynamo Kyiv,249997,249998,3,1,0,1,3,1,0,1,0,0,0,0,AFC Ajax,FALSE,FALSE,FALSE,AFC Ajax (3-1) FK Dynamo Kyiv
CL,2018,PLAY_OFF_ROUND,755|1871,1871,755,BSC Young Boys,GNK Dinamo Zagreb,249524,249525,3,2,2,1,3,2,2,1,0,0,0,0,BSC Young Boys,FALSE,FALSE,FALSE,BSC Young Boys (3-2) GNK Dinamo Zagreb
CL,2018,ROUND_OF_16,66|524,66,524,Manchester United FC,Paris Saint-Germain FC,254897,254898,3,3,3,2,3,3,3,2,0,0,0,0,Manchester United FC,FALSE,TRUE,FALSE,"Manchester United FC (3-3) Paris Saint-Germain FC, Manchester United FC won on away goals"
CL,2018,ROUND_OF_16,100|503,100,503,AS Roma,FC Porto,254903,254904,3,4,1,1,3,3,1,1,0,1,0,0,FC Porto,TRUE,FALSE,FALSE,AS Roma (3-4 aet) FC Porto
CL,2018,ROUND_OF_16,4|73,73,4,Tottenham Hotspur FC,BV Borussia 09 Dortmund,254899,254900,4,0,1,0,4,0,1,0,0,0,0,0,Tottenham Hotspur FC,FALSE,FALSE,FALSE,Tottenham Hotspur FC (4-0) BV Borussia 09 Dortmund
CL,2018,ROUND_OF_16,86|678,678,86,AFC Ajax,Real Madrid CF,254907,254908,5,3,4,2,5,3,4,2,0,0,0,0,AFC Ajax,FALSE,FALSE,FALSE,AFC Ajax (5-3) Real Madrid CF
CL,2018,ROUND_OF_16,81|523,523,81,Olympique Lyonnais,FC Barcelona,254901,254902,1,5,1,0,1,5,1,0,0,0,0,0,FC Barcelona,FALSE,FALSE,FALSE,Olympique Lyonnais (1-5) FC Barcelona
CL,2018,ROUND_OF_16,5|64,64,5,Liverpool FC,FC Bayern München,254905,254906,3,1,3,0,3,1,3,0,0,0,0,0,Liverpool FC,FALSE,FALSE,FALSE,Liverpool FC (3-1) FC Bayern München
CL,2018,ROUND_OF_16,6|65,6,65,FC Schalke 04,Manchester City FC,254893,254894,2,10,0,3,2,10,0,3,0,0,0,0,Manchester City FC,FALSE,FALSE,FALSE,FC Schalke 04 (2-10) Manchester City FC
CL,2018,ROUND_OF_16,78|109,78,109,Club Atlético de Madrid,Juventus FC,254895,254896,2,3,0,0,2,3,0,0,0,0,0,0,Juventus FC,FALSE,FALSE,FALSE,Club Atlético de Madrid (2-3) Juventus FC
CL,2018,QUARTER_FINALS,64|503,64,503,Liverpool FC,FC Porto,261007,261008,6,1,4,0,6,1,4,0,0,0,0,0,Liverpool FC,FALSE,FALSE,FALSE,Liverpool FC (6-1) FC Porto
CL,2018,QUARTER_FINALS,65|73,73,65,Tottenham Hotspur FC,Manchester City FC,261009,261010,4,4,3,0,4,4,3,0,0,0,0,0,Tottenham Hotspur FC,FALSE,TRUE,FALSE,"Tottenham Hotspur FC (4-4) Manchester City FC, Tottenham Hotspur FC won on away goals"
CL,2018,QUARTER_FINALS,109|678,678,109,AFC Ajax,Juventus FC,261005,261006,3,2,2,1,3,2,2,1,0,0,0,0,AFC Ajax,FALSE,FALSE,FALSE,AFC Ajax (3-2) Juventus FC
CL,2018,QUARTER_FINALS,66|81,66,81,Manchester United FC,FC Barcelona,261011,261012,0,4,0,1,0,4,0,1,0,0,0,0,FC Barcelona,FALSE,FALSE,FALSE,Manchester United FC (0-4) FC Barcelona
CL,2018,SEMI_FINALS,73|678,73,678,Tottenham Hotspur FC,AFC Ajax,263558,263559,3,3,3,1,3,3,3,1,0,0,0,0,Tottenham Hotspur FC,FALSE,TRUE,FALSE,"Tottenham Hotspur FC (3-3) AFC Ajax, Tottenham Hotspur FC won on away goals"
CL,2018,SEMI_FINALS,64|81,81,64,FC Barcelona,Liverpool FC,263560,263561,3,4,0,0,3,4,0,0,0,0,0,0,Liverpool FC,FALSE,FALSE,FALSE,FC Barcelona (3-4) Liverpool FC
CL,2019,1ST_QUALIFYING_ROUND,1884|5515,1884,5515,Astana FK,FC CFR 1907 Cluj,269483,269484,2,3,1,0,2,3,1,0,0,0,0,0,FC CFR 1907 Cluj,FALSE,FALSE,FALSE,Astana FK (2-3) FC CFR 1907 Cluj
CL,2019,1ST_QUALIFYING_ROUND,5277|8164,8164,5277,FC Ararat-Armenia,AIK Fotboll,269481,269482,3,4,1,1,3,4,1,1,0,0,0,0,AIK Fotboll,FALSE,FALSE,FALSE,FC Ararat-Armenia (3-4) AIK Fotboll
CL,2019,1ST_QUALIFYING_ROUND,5106|7285,5106,7285,Nõmme Kalju FC,KF Shkëndija 79,269477,269478,2,2,2,1,2,2,2,1,0,0,0,0,Nõmme Kalju FC,FALSE,TRUE,FALSE,"Nõmme Kalju FC (2-2) KF Shkëndija 79, Nõmme Kalju FC won on away goals"
CL,2019,1ST_QUALIFYING_ROUND,5123|8166,5123,8166,Helsingin JK,HB,269505,269506,5,2,2,0,5,2,2,0,0,0,0,0,Helsingin JK,FALSE,FALSE,FALSE,Helsingin JK (5-2) HB
CL,2019,1ST_QUALIFYING_ROUND,732|4275,4275,732,FK Sarajevo,Celtic FC,269487,269488,2,5,1,3,2,5,1,3,0,0,0,0,Celtic FC,FALSE,FALSE,FALSE,FK Sarajevo (2-5) Celtic FC
CL,2019,1ST_QUALIFYING_ROUND,5819|7283,5819,7283,FK Sūduva Marijampolė,FK Crvena Zvezda,269479,269480,1,2,1,0,1,2,1,0,0,0,0,0,FK Crvena Zvezda,FALSE,FALSE,FALSE,FK Sūduva Marijampolė (1-2) FK Crvena Zvezda
CL,2019,1ST_QUALIFYING_ROUND,1875|5813,1875,5813,F91 Diddeleng,Valletta FC,269491,269492,3,3,1,2,3,3,1,2,0,0,0,0,Valletta FC,FALSE,TRUE,FALSE,"F91 Diddeleng (3-3) Valletta FC, Valletta FC won on away goals"
CL,2019,1ST_QUALIFYING_ROUND,1904|8101,1904,8101,The New Saints FC,KF Feronikeli,269503,269504,3,2,1,2,3,2,1,2,0,0,0,0,The New Saints FC,FALSE,FALSE,FALSE,The New Saints FC (3-2) KF Feronikeli
CL,2019,1ST_QUALIFYING_ROUND,611|7492,7492,611,FK Partizani,Qarabağ Ağdam FK,269493,269494,0,2,0,0,0,2,0,0,0,0,0,0,Qarabağ Ağdam FK,FALSE,FALSE,FALSE,FK Partizani (0-2) Qarabağ Ağdam FK
CL,2019,1ST_QUALIFYING_ROUND,1880|8165,1880,8165,FC Sheriff Tiraspol,FC Saburtalo,269489,269490,3,4,3,3,3,4,3,3,0,0,0,0,FC Saburtalo,FALSE,FALSE,FALSE,FC Sheriff Tiraspol (3-4) FC Saburtalo
CL,2019,1ST_QUALIFYING_ROUND,748|5628,748,5628,FK BATE Borisov,GKS Piast Gliwice,269507,269508,3,2,2,1,3,2,2,1,0,0,0,0,FK BATE Borisov,FALSE,FALSE,FALSE,FK BATE Borisov (3-2) GKS Piast Gliwice
CL,2019,1ST_QUALIFYING_ROUND,1901|5954,5954,1901,Ferencvárosi TC,PFK Ludogorets 1945 Razgrad,269485,269486,5,3,3,1,5,3,3,1,0,0,0,0,Ferencvárosi TC,FALSE,FALSE,FALSE,Ferencvárosi TC (5-3) PFK Ludogorets 1945 Razgrad
CL,2019,1ST_QUALIFYING_ROUND,7284|7509,7509,7284,ŠK Slovan Bratislava,FK Sutjeska Nikšić,269495,269496,2,2,1,1,2,2,1,1,0,0,2,3,FK Sutjeska Nikšić,TRUE,FALSE,TRUE,"ŠK Slovan Bratislava (2-2 aet) FK Sutjeska Nikšić, FK Sutjeska Nikšić won on penalties"
CL,2019,1ST_QUALIFYING_ROUND,889|1896,1896,889,Linfield FC,Rosenborg BK,269497,269498,0,6,0,2,0,6,0,2,0,0,0,0,Rosenborg BK,FALSE,FALSE,FALSE,Linfield FC (0-6) Rosenborg BK
CL,2019,1ST_QUALIFYING_ROUND,1873|5826,1873,5826,Dundalk FC,Rīga FC,269501,269502,0,0,0,0,0,0,0,0,0,0,5,4,Dundalk FC,TRUE,FALSE,TRUE,"Dundalk FC (0-0 aet) Rīga FC, Dundalk FC won on penalties"
CL,2019,1ST_QUALIFYING_ROUND,734|5945,5945,734,KF Valur,NK Maribor,269499,269500,0,5,0,3,0,5,0,3,0,0,0,0,NK Maribor,FALSE,FALSE,FALSE,KF Valur (0-5) NK Maribor
CL,2019,2ND_QUALIFYING_ROUND,654|1881,1881,654,FC Viktoria Plzeň,PAE Olympiakos SFP,269509,269510,0,4,0,0,0,4,0,0,0,0,0,0,PAE Olympiakos SFP,FALSE,FALSE,FALSE,FC Viktoria Plzeň (0-4) PAE Olympiakos SFP
CL,2019,2ND_QUALIFYING_ROUND,755|8165,8165,755,FC Saburtalo,GNK Dinamo Zagreb,269517,269518,0,5,0,2,0,5,0,2,0,0,0,0,GNK Dinamo Zagreb,FALSE,FALSE,FALSE,FC Saburtalo (0-5) GNK Dinamo Zagreb
CL,2019,2ND_QUALIFYING_ROUND,674|729,674,729,PSV,FC Basel 1893,269511,269512,4,4,1,2,4,4,1,2,0,0,0,0,FC Basel 1893,FALSE,TRUE,FALSE,"PSV (4-4) FC Basel 1893, FC Basel 1893 won on away goals"
CL,2019,2ND_QUALIFYING_ROUND,1876|1904,1904,1876,The New Saints FC,FC København,269513,269514,0,3,0,2,0,3,0,2,0,0,0,0,FC København,FALSE,FALSE,FALSE,The New Saints FC (0-3) FC København
CL,2019,2ND_QUALIFYING_ROUND,752|7284,7284,752,FK Sutjeska Nikšić,APOEL FC,269515,269516,0,4,0,1,0,4,0,1,0,0,0,0,APOEL FC,FALSE,FALSE,FALSE,FK Sutjeska Nikšić (0-4) APOEL FC
CL,2019,2ND_QUALIFYING_ROUND,748|889,748,889,FK BATE Borisov,Rosenborg BK,278362,278363,2,3,0,1,2,3,0,1,0,0,0,0,Rosenborg BK,FALSE,FALSE,FALSE,FK BATE Borisov (2-3) Rosenborg BK
CL,2019,2ND_QUALIFYING_ROUND,5813|5954,5954,5813,Ferencvárosi TC,Valletta FC,278128,278129,4,2,1,1,4,2,1,1,0,0,0,0,Ferencvárosi TC,FALSE,FALSE,FALSE,Ferencvárosi TC (4-2) Valletta FC
CL,2019,2ND_QUALIFYING_ROUND,5515|5929,5515,5929,FC CFR 1907 Cluj,Maccabi Tel Aviv FC,269519,269520,3,2,2,0,3,2,2,0,0,0,0,0,FC CFR 1907 Cluj,FALSE,FALSE,FALSE,FC CFR 1907 Cluj (3-2) Maccabi Tel Aviv FC
CL,2019,2ND_QUALIFYING_ROUND,734|5277,734,5277,NK Maribor,AIK Fotboll,278364,278365,4,4,2,1,3,3,1,1,1,1,0,0,NK Maribor,TRUE,TRUE,FALSE,"NK Maribor (4-4 aet) AIK Fotboll, NK Maribor won on away goals"
CL,2019,2ND_QUALIFYING_ROUND,611|1873,1873,611,Dundalk FC,Qarabağ Ağdam FK,278366,278367,1,4,0,1,1,4,0,1,0,0,0,0,Qarabağ Ağdam FK,FALSE,FALSE,FALSE,Dundalk FC (1-4) Qarabağ Ağdam FK
CL,2019,2ND_QUALIFYING_ROUND,5123|7283,7283,5123,FK Crvena Zvezda,Helsingin JK,278126,278127,3,2,1,0,3,2,1,0,0,0,0,0,FK Crvena Zvezda,FALSE,FALSE,FALSE,FK Crvena Zvezda (3-2) Helsingin JK
CL,2019,2ND_QUALIFYING_ROUND,732|5106,732,5106,Celtic FC,Nõmme Kalju FC,278130,278131,7,0,2,0,7,0,2,0,0,0,0,0,Celtic FC,FALSE,FALSE,FALSE,Celtic FC (7-0) Nõmme Kalju FC
CL,2019,3RD_QUALIFYING_ROUND,611|752,752,611,APOEL FC,Qarabağ Ağdam FK,279609,279610,3,2,2,2,3,2,2,2,0,0,0,0,APOEL FC,FALSE,FALSE,FALSE,APOEL FC (3-2) Qarabağ Ağdam FK
CL,2019,3RD_QUALIFYING_ROUND,678|6146,6146,678,PAOK FC,AFC Ajax,278630,278631,4,5,2,2,4,5,2,2,0,0,0,0,AFC Ajax,FALSE,FALSE,FALSE,PAOK FC (4-5) AFC Ajax
CL,2019,3RD_QUALIFYING_ROUND,755|5954,755,5954,GNK Dinamo Zagreb,Ferencvárosi TC,279225,279226,5,1,4,1,5,1,4,1,0,0,0,0,GNK Dinamo Zagreb,FALSE,FALSE,FALSE,GNK Dinamo Zagreb (5-1) Ferencvárosi TC
CL,2019,3RD_QUALIFYING_ROUND,842|851,851,842,Club Brugge KV,FK Dynamo Kyiv,278636,278637,4,3,3,0,4,3,3,0,0,0,0,0,Club Brugge KV,FALSE,FALSE,FALSE,Club Brugge KV (4-3) FK Dynamo Kyiv
CL,2019,3RD_QUALIFYING_ROUND,1876|7283,7283,1876,FK Crvena Zvezda,FC København,279611,279612,2,2,1,1,2,2,1,1,0,0,7,6,FK Crvena Zvezda,TRUE,FALSE,TRUE,"FK Crvena Zvezda (2-2 aet) FC København, FK Crvena Zvezda won on penalties"
CL,2019,3RD_QUALIFYING_ROUND,503|5452,5452,503,FK Krasnodar,FC Porto,278634,278635,3,3,3,1,3,3,3,1,0,0,0,0,FK Krasnodar,FALSE,TRUE,FALSE,"FK Krasnodar (3-3) FC Porto, FK Krasnodar won on away goals"
CL,2019,3RD_QUALIFYING_ROUND,654|1897,1897,654,Medipol Başakşehir FK,PAE Olympiakos SFP,278632,278633,0,3,0,1,0,3,0,1,0,0,0,0,PAE Olympiakos SFP,FALSE,FALSE,FALSE,Medipol Başakşehir FK (0-3) PAE Olympiakos SFP
CL,2019,3RD_QUALIFYING_ROUND,729|2016,729,2016,FC Basel 1893,LASK Linz,278638,278639,2,5,1,2,2,5,1,2,0,0,0,0,LASK Linz,FALSE,FALSE,FALSE,FC Basel 1893 (2-5) LASK Linz
CL,2019,3RD_QUALIFYING_ROUND,732|5515,5515,732,FC CFR 1907 Cluj,Celtic FC,279223,279224,5,4,4,1,5,4,4,1,0,0,0,0,FC CFR 1907 Cluj,FALSE,FALSE,FALSE,FC CFR 1907 Cluj (5-4) Celtic FC
CL,2019,3RD_QUALIFYING_ROUND,734|889,734,889,NK Maribor,Rosenborg BK,279613,279614,2,6,1,3,2,6,1,3,0,0,0,0,Rosenborg BK,FALSE,FALSE,FALSE,NK Maribor (2-6) Rosenborg BK
CL,2019,PLAY_OFF_ROUND,930|5515,5515,930,FC CFR 1907 Cluj,SK Slavia Praha,279649,279652,0,2,0,1,0,2,0,1,0,0,0,0,SK Slavia Praha,FALSE,FALSE,FALSE,FC CFR 1907 Cluj (0-2) SK Slavia Praha
CL,2019,PLAY_OFF_ROUND,678|752,752,678,APOEL FC,AFC Ajax,283064,283065,0,2,0,0,0,2,0,0,0,0,0,0,AFC Ajax,FALSE,FALSE,FALSE,APOEL FC (0-2) AFC Ajax
CL,2019,PLAY_OFF_ROUND,851|2016,2016,851,LASK Linz,Club Brugge KV,283066,283067,1,3,1,1,1,3,1,1,0,0,0,0,Club Brugge KV,FALSE,FALSE,FALSE,LASK Linz (1-3) Club Brugge KV
CL,2019,PLAY_OFF_ROUND,1871|7283,1871,7283,BSC Young Boys,FK Crvena Zvezda,279650,279651,3,3,1,2,3,3,1,2,0,0,0,0,FK Crvena Zvezda,FALSE,TRUE,FALSE,"BSC Young Boys (3-3) FK Crvena Zvezda, FK Crvena Zvezda won on away goals"
CL,2019,PLAY_OFF_ROUND,755|889,755,889,GNK Dinamo Zagreb,Rosenborg BK,283068,283069,3,1,1,0,3,1,1,0,0,0,0,0,GNK Dinamo Zagreb,FALSE,FALSE,FALSE,GNK Dinamo Zagreb (3-1) Rosenborg BK
CL,2019,PLAY_OFF_ROUND,654|5452,654,5452,PAE Olympiakos SFP,FK Krasnodar,283070,283071,6,1,2,0,6,1,2,0,0,0,0,0,PAE Olympiakos SFP,FALSE,FALSE,FALSE,PAE Olympiakos SFP (6-1) FK Krasnodar
