club,clubid,country,countrycode,governingbody,clubshortnames
1. FSV Mainz 05,a224b06a,Germany,GER,UEFA,Mainz 05
Aalborg BK,7e746554,Denmark,DEN,UEFA,Aalborg
Aberdeen FC,8bbab7cf,Scotland,SCO,UEFA,Aberdeen
Aberystwyth Town FC,6dbe9dca,Wales,WAL,UEFA,Aberystwyth
AC Juvenes/Dogana,633ae161,San Marino,SMR,UEFA,Juvenes/Dogana
AC Libertas,1286546c,San Marino,SMR,UEFA,AC Libertas
AC Milan,dc56fe14,Italy,ITA,UEFA,Milan
AC Omonia,15e031af,Cyprus,CYP,UEFA,AC Omonia
AC Sparta Prague,ecb862be,Czech Republic,CZE,UEFA,Sparta Prague
ACF Fiorentina,421387cf,Italy,ITA,UEFA,Fiorentina
AEK Athens FC,d5348c80,Greece,GRE,UEFA,AEK Athens
AEK Larnaca FC,01689b1a,Cyprus,CYP,UEFA,AEK Larnaca FC|AÉK Lárnaka
AEL Limassol,651288fd,Cyprus,CYP,UEFA,AEL Limassol|AE Lemesós
AFC Ajax,19c3f8c4,Netherlands,NED,UEFA,Ajax
AIK Stockholm,b0333581,Sweden,SWE,UEFA,AIK Stockholm
Airbus UK Broughton FC,1a1d4c22,Wales,WAL,UEFA,AUK Broughton
Akademija Pandev,99875d32,North Macedonia,MKD,UEFA,Akad Pandev
Alashkert FC,e6232d10,Armenia,ARM,UEFA,Alashkert FC|Alashkert
Anorthosis Famagusta FC,d27fe90c,Cyprus,CYP,UEFA,Anorthosis
APOEL FC,eab315a6,Cyprus,CYP,UEFA,APOEL FC|APOEL
Apollon Limassol,8dff1828,Cyprus,CYP,UEFA,Apollon Limassol|Apollon
Aris Thessaloniki FC,edddfa63,Greece,GRE,UEFA,Aris
Arsenal FC,18bb7c10,England,ENG,UEFA,Arsenal
AS Monaco FC,fd6114db,France,FRA,UEFA,Monaco
AS Roma,cf74a709,Italy,ITA,UEFA,Roma
AS Saint-Étienne,d298ef2c,France,FRA,UEFA,Saint-Étienne
ASA Târgu Mureș,c7d6f62e,Romania,ROU,UEFA,Târgu Mureș
Asteras Tripoli FC,d884c383,Greece,GRE,UEFA,Asteras Tripoli
Atalanta BC,922493f3,Italy,ITA,UEFA,Atalanta
Athletic Bilbao,2b390eca,Spain,ESP,UEFA,Athletic Bilbao
Atlético Madrid,db3b9613,Spain,ESP,UEFA,Atlético Madrid
Atromitos FC,c9607f44,Greece,GRE,UEFA,Atromitos
AZ Alkmaar,3986b791,Netherlands,NED,UEFA,AZ Alkmaar
B36 Tórshavn,056a9b27,Faroe Islands,FRO,UEFA,B36 Tórshavn|B36
Bala Town FC,56b45f69,Wales,WAL,UEFA,Bala Town FC
Ballymena United FC,b0e70933,Northern Ireland,NIR,UEFA,Ballymena Utd
Balzan FC,49e1cbfd,Malta,MLT,UEFA,Balzan FC|Balzan
Bangor City FC,dd3fa21f,Wales,WAL,UEFA,Bangor City FC
Barry Town United FC,d8760be1,Wales,WAL,UEFA,Barry Town
Bayer 04 Leverkusen,c7a9f859,Germany,GER,UEFA,Bayer
Beitar Jerusalem FC,79000faa,Israel,ISR,UEFA,Beitar Jerusalem
Beşiktaş JK,0f9294bd,Turkey,TUR,UEFA,Beşiktaş
Birkirkara FC,7bb567b2,Malta,MLT,UEFA,Birkirkara FC
BK Häcken,8774e267,Sweden,SWE,UEFA,Häcken
Bnei Yehuda Tel Aviv FC,1040e0f7,Israel,ISR,UEFA,Bnei Yehuda|Bnei Yehuda TA
Borussia Dortmund,add600ae,Germany,GER,UEFA,Dortmund
Borussia Mönchengladbach,32f3ee20,Germany,GER,UEFA,M'gladbach
Breiðablik UBK,4a29fb1c,Iceland,ISL,UEFA,Breiðablik UBK|Breiðablik
Brøndby IF,ab75e049,Denmark,DEN,UEFA,Brøndby
BSC Young Boys,4b682260,Switzerland,SUI,UEFA,Young Boys
Budapest Honvéd FC,8cac5dfa,Hungary,HUN,UEFA,Honvéd
Burnley FC,943e8050,England,ENG,UEFA,Burnley
Bursaspor,6a3b81bf,Turkey,TUR,UEFA,Bursaspor
Cardiff Metropolitan University FC,4872ca3d,Wales,WAL,UEFA,Cardiff Met
CD Nacional,5c9eb756,Portugal,POR,UEFA,Nacional
Cefn Druids AFC,0876564a,Wales,WAL,UEFA,Cefn Druids AFC
Celta de Vigo,f25da7fb,Spain,ESP,UEFA,Celta Vigo
Celtic FC,b81aa4fa,Scotland,SCO,UEFA,Celtic
CF Os Belenenses,19dc476f,Portugal,POR,UEFA,Belenenses
CFR Cluj,ff04e205,Romania,ROU,UEFA,CFR Cluj
Chelsea FC,cff3d9bb,England,ENG,UEFA,Chelsea
Cliftonville FC,5a130b7c,Northern Ireland,NIR,UEFA,Cliftonville FC|Cliftonville
Club Brugge KV,f1e6c5f1,Belgium,BEL,UEFA,Club Brugge
Coleraine FC,3fdad06c,Northern Ireland,NIR,UEFA,Coleraine FC
Cork City FC,4936d1b7,Ireland,IRL,UEFA,Cork City FC
Crusaders FC,0b6cd7c6,Northern Ireland,NIR,UEFA,Crusaders FC|Crusaders
CS Fola Esch,aa065002,Luxembourg,LUX,UEFA,CS Fola Esch|Fola Esch
CS Marítimo,c1b0f61b,Portugal,POR,UEFA,Marítimo
CS Pandurii Târgu Jiu,46554cb7,Romania,ROU,UEFA,Pandurii
CS Universitatea Craiova,1eebf7c3,Romania,ROU,UEFA,U Craiova
Debreceni VSC,e24ac92e,Hungary,HUN,UEFA,Debrecen
Derry City FC,15f9a98b,Ireland,IRL,UEFA,Derry City FC
Diósgyőri VTK,e4babb95,Hungary,HUN,UEFA,Diósgyőr
Djurgårdens IF,9423c05a,Sweden,SWE,UEFA,Djurgården
Dundalk FC,e4a9d483,Ireland,IRL,UEFA,Dundalk FC|Dundalk
Eintracht Frankfurt,f0ac8ee6,Germany,GER,UEFA,Eint Frankfurt
En Avant de Guingamp,d41b5f53,France,FRA,UEFA,Guingamp
Ermis Aradippou,5ac58233,Cyprus,CYP,UEFA,Ermis Aradippou
Esbjerg fB,31aa0dd4,Denmark,DEN,UEFA,Esbjerg
Europa FC,75cd4ee3,Gibraltar,GIB,UEFA,Europa FC|Europa
Everton FC,d3fd31cc,England,ENG,UEFA,Everton
F91 Dudelange,baae133b,Luxembourg,LUX,UEFA,F91 Dudelange
FC Admira Wacker Mödling,d7d06475,Austria,AUT,UEFA,Admira
FC Aktobe,c8282e20,Kazakhstan,KAZ,UEFA,FC Aktobe
FC Ararat-Armenia,85dbecd4,Armenia,ARM,UEFA,Ararat-Armenia
FC Arouca,0d36ddd4,Portugal,POR,UEFA,Arouca
FC Arsenal Tula,0bca3a9e,Russia,RUS,UEFA,Arsenal Tula
FC Astana,c72c8787,Kazakhstan,KAZ,UEFA,FC Astana|Astana FK
FC Astra Giurgiu,12d53956,Romania,ROU,UEFA,Astra Giurgiu
FC Augsburg,0cdc4311,Germany,GER,UEFA,Augsburg
FC Banants,f0e1ca42,Armenia,ARM,UEFA,FC Banants|Banants
FC Barcelona,206d90db,Spain,ESP,UEFA,Barcelona
FC Basel,d3d9424a,Switzerland,SUI,UEFA,Basel
FC BATE Borisov,b983b638,Belarus,BLR,UEFA,BATE Borisov|BATE
FC Bayern Munich,054efa67,Germany,GER,UEFA,Bayern Munich
FC Botoșani,d921c99f,Romania,ROU,UEFA,Botoșani
FC Chikhura Sachkhere,e839c85b,Georgia,GEO,UEFA,Chikhura
FC Chornomorets Odesa,cdd0bbb6,Ukraine,UKR,UEFA,Chornomorets
FC Copenhagen,18050b20,Denmark,DEN,UEFA,FC Copenhagen
FC DAC 1904 Dunajská Streda,b11bfada,Slovakia,SVK,UEFA,Dunajská Streda|DAC 1904
FC Dacia Chișinău,3cb9ad76,Moldova,MDA,UEFA,Dacia Chișinău
FC Daugava,2fc6183e,Latvia,LVA,UEFA,FC Daugava
FC Differdange 03,58ff3cd4,Luxembourg,LUX,UEFA,Differdange 03
FC Dila Gori,ae098b55,Georgia,GEO,UEFA,FC Dila Gori
FC Dinamo Batumi,840ff2b7,Georgia,GEO,UEFA,Dinamo Batumi
FC Dinamo Brest,31742d51,Belarus,BLR,UEFA,FC Dinamo Brest
FC Dinamo București,4472d406,Romania,ROU,UEFA,Dinamo
FC Dinamo Minsk,e2a78c9d,Belarus,BLR,UEFA,Dinamo Minsk
FC Dinamo Tbilisi,e2fa043d,Georgia,GEO,UEFA,Dinamo Tbilisi
FC Dnipro,c4770a69,Ukraine,UKR,UEFA,Dnipro
FC Dunav Ruse,97171221,Bulgaria,BUL,UEFA,Dunav Ruse
FC Dynamo Kyiv,c734e22f,Ukraine,UKR,UEFA,Dynamo Kyiv
FC Dynamo Moscow,541a280b,Russia,RUS,UEFA,Dynamo Mosc
FC Flora,719d83f1,Estonia,EST,UEFA,FC Flora|Flora
FC Girondins de Bordeaux,123f3efe,France,FRA,UEFA,Bordeaux
FC Groningen,bec05adb,Netherlands,NED,UEFA,Groningen
FC Honka,c3071553,Finland,FIN,UEFA,FC Honka
FC Ilves,acffac85,Finland,FIN,UEFA,Ilves
FC Infonet,82d952b5,Estonia,EST,UEFA,FC Infonet
FC Inter Turku,e9fa2e8b,Finland,FIN,UEFA,Inter Turku
FC Irtysh Pavlodar,db5a37c5,Kazakhstan,KAZ,UEFA,Irtysh Pavlodar
FC Kairat,768fb565,Kazakhstan,KAZ,UEFA,FC Kairat|Qaırat Almaty
FC Koper,253fffc4,Slovenia,SVN,UEFA,FC Koper
FC Krasnodar,fa11a9cc,Russia,RUS,UEFA,Krasnodar
FC Lahti,5b8cfb05,Finland,FIN,UEFA,Lahti
FC Levadia Tallinn,112c9642,Estonia,EST,UEFA,Levadia Tallinn|FCI Levadia
FC Lokomotiv Moscow,5a8dc328,Russia,RUS,UEFA,Loko Moscow
FC Lusitanos,857b60c3,Andorra,AND,UEFA,FC Lusitanos
FC Luzern,d423a378,Switzerland,SUI,UEFA,Luzern
FC Mariupol,42b37a13,Ukraine,UKR,UEFA,FC Mariupol
FC Metalist Kharkiv,44ef020f,Ukraine,UKR,UEFA,Metalist Kharkiv
FC Midtjylland,3c4fb635,Denmark,DEN,UEFA,Midtjylland
FC Mika,9558d297,Armenia,ARM,UEFA,FC Mika
FC Milsami Orhei,7795f801,Moldova,MDA,UEFA,FC Milsami Orhei|Milsami
FC Neman Grodno,28e7926c,Belarus,BLR,UEFA,Neman Grodno
FC Nordsjælland,1850e3f9,Denmark,DEN,UEFA,Nordsjælland
FC Oleksandriya,797d38d2,Ukraine,UKR,UEFA,FC Oleksandriya
FC Olimpik Donetsk,4deda092,Ukraine,UKR,UEFA,Olimpik Donetsk
FC Ordabasy,38bfcdf5,Kazakhstan,KAZ,UEFA,FC Ordabasy|Ordabasy
FC Petrocub Sărata-Galbenă,ae96366c,Moldova,MDA,UEFA,Petrocub
FC Petrolul Ploiești,4f30dd8b,Romania,ROU,UEFA,Petrolul
FC Porto,5e876ee6,Portugal,POR,UEFA,Porto
FC Prishtina,7de37644,Kosovo,KVX,UEFA,FC Prishtina
FC Progrès Niederkorn,ec560e72,Luxembourg,LUX,UEFA,Progrès|FC Progrès
FC Pyunik,03022534,Armenia,ARM,UEFA,FC Pyunik|Pyunik
FC Red Bull Salzburg,50f2a074,Austria,AUT,UEFA,RB Salzburg
FC Rostov,d60423ef,Russia,RUS,UEFA,Rostov
FC Rubin Kazan,5625a7da,Russia,RUS,UEFA,Rubin Kazan
FC Saburtalo Tbilisi,672ebb3d,Georgia,GEO,UEFA,Saburtalo
FC Samtredia,b8b2d55e,Georgia,GEO,UEFA,FC Samtredia
FC Santa Coloma,9549dc95,Andorra,AND,UEFA,Santa Coloma
FC Santos Tartu,0d984553,Estonia,EST,UEFA,FC Santos Tartu
FC Saxan,8c424f8f,Moldova,MDA,UEFA,FC Saxan
FC Schalke 04,c539e393,Germany,GER,UEFA,Schalke 04
FC Shakhtar Donetsk,e89d5a28,Ukraine,UKR,UEFA,Shakhtar
FC Shakhter Karagandy,a8ba56e5,Kazakhstan,KAZ,UEFA,Shakhter
FC Shakhtyor Soligorsk,7517d495,Belarus,BLR,UEFA,Shakhtyor|Soligorsk
FC Sheriff Tiraspol,50995c1e,Moldova,MDA,UEFA,Sheriff Tiraspol|Sheriff
FC Shirak,8771d9cd,Armenia,ARM,UEFA,FC Shirak
FC Sion,2eaa8331,Switzerland,SUI,UEFA,Sion
FC Sioni Bolnisi,88ee782c,Georgia,GEO,UEFA,FC Sioni Bolnisi
FC Slovan Liberec,2c9bebcd,Czech Republic,CZE,UEFA,Slovan Liberec
FC Spartak Moscow,8c635914,Russia,RUS,UEFA,Spartak Moscow
FC Spartak Trnava,c16f1fe7,Slovakia,SVK,UEFA,Spartak Trnava
FC Spartaki Tskhinvali,e6561daf,Georgia,GEO,UEFA,Tskhinvali
FC St. Gallen,cdaf4e6d,Switzerland,SUI,UEFA,St. Gallen
FC Stumbras,31ef340d,Lithuania,LTU,UEFA,FC Stumbras
FC Thun,9ae758c2,Switzerland,SUI,UEFA,Thun
FC Tiraspol,6e8ad38a,Moldova,MDA,UEFA,FC Tiraspol
FC Tobol,8c6383a1,Kazakhstan,KAZ,UEFA,FC Tobol|Tobol Qostanaı
FC Torpedo Kutaisi,231f4a61,Georgia,GEO,UEFA,Torpedo Kutaisi|Torp Kutaisi
FC Torpedo-BelAZ Zhodino,f7e8060a,Belarus,BLR,UEFA,Torpedo Zho
FC Twente,a1f721d3,Netherlands,NED,UEFA,Twente
FC Ufa,ec7fdeb7,Russia,RUS,UEFA,Ufa
FC Utrecht,2a428619,Netherlands,NED,UEFA,Utrecht
FC Vaduz,b1b46fc3,Liechtenstein,LIE,UEFA,Vaduz
FC Veris Chișinău,33a249c1,Moldova,MDA,UEFA,Veris Chișinău
FC Viitorul Constanța,4fffe901,Romania,ROU,UEFA,Viitorul
FC Viktoria Plzeň,02cd81bf,Czech Republic,CZE,UEFA,Viktoria Plzeň
FC Vitebsk,3f2bd811,Belarus,BLR,UEFA,FK Vitebsk
FC Vorskla Poltava,99f258c2,Ukraine,UKR,UEFA,Vorskla Poltava
FC Zaria Bălți,99a0526b,Moldova,MDA,UEFA,FC Zaria Bălți
FC Zenit Saint Petersburg,98ce363d,Russia,RUS,UEFA,Zenit
FC Zestafoni,c1322cab,Georgia,GEO,UEFA,FC Zestafoni
FC Zimbru Chișinău,24cd860c,Moldova,MDA,UEFA,Zimbru Chișinău
FC Zorya Luhansk,946a30cb,Ukraine,UKR,UEFA,Zorya Luhansk
FC Zürich,22a5a99c,Switzerland,SUI,UEFA,Zürich
FCSB,aed59852,Romania,ROU,UEFA,Steaua|FCSB
Fenerbahçe SK,ae1e2d7d,Turkey,TUR,UEFA,Fenerbahçe
Ferencvárosi TC,6611f992,Hungary,HUN,UEFA,Ferencváros
Feyenoord Rotterdam,fb4ca611,Netherlands,NED,UEFA,Feyenoord
Fimleikafélag Hafnarfjarðar,9ac2ced1,Iceland,ISL,UEFA,FH
FK AS Trenčín,d8b8c85b,Slovakia,SVK,UEFA,FK AS Trenčín
FK Atlantas,d7478aa0,Lithuania,LTU,UEFA,FK Atlantas
FK Austria Wien,ee0bccc5,Austria,AUT,UEFA,Austria Wien
FK Banga Gargždai,34cc3f19,Lithuania,LTU,UEFA,Banga Gargždai
FK Bokelj,9bc3bc52,Montenegro,MNE,UEFA,FK Bokelj
FK Budućnost Podgorica,f4f98e1c,Montenegro,MNE,UEFA,Budućnost
FK Čelik Nikšić,738cdee0,Montenegro,MNE,UEFA,FK Čelik Nikšić
FK Čukarički,42e847bc,Serbia,SRB,UEFA,Čukarički
FK Daugava,56b555e4,Latvia,LVA,UEFA,FK Daugava
FK Ekranas,3ca079d2,Lithuania,LTU,UEFA,FK Ekranas
FK Haugesund,f4bbcd04,Norway,NOR,UEFA,Haugesund
FK Jablonec,8424bb18,Czech Republic,CZE,UEFA,Jablonec
FK Jagodina,e5cd7bb3,Serbia,SRB,UEFA,Jagodina
FK Jelgava,8a898dad,Latvia,LVA,UEFA,FK Jelgava
FK Kauno Žalgiris,3b8af0c2,Lithuania,LTU,UEFA,Kauno Žalgiris
FK Kruoja Pakruojis,2471f5fa,Lithuania,LTU,UEFA,Kruoja Pakruojis
FK Kukësi,f1e85b1e,Albania,ALB,UEFA,FK Kukësi|Kukësi
FK Liepāja,54f29d7b,Latvia,LVA,UEFA,FK Liepāja
FK Lovćen,a7dfc896,Montenegro,MNE,UEFA,FK Lovćen
FK Makedonija Gjorče Petrov,5130dd3e,North Macedonia,MKD,UEFA,Makedonija GP
FK Metalurg Skopje,fd36fea1,North Macedonia,MKD,UEFA,Metalurg Skopje
FK Mladá Boleslav,70c92f33,Czech Republic,CZE,UEFA,Mladá Boleslav
FK Mladost Lučani,9db96189,Serbia,SRB,UEFA,Mladost Lučani
FK Olimpic,63bc42eb,Bosnia and Herzegovina,BIH,UEFA,FK Olimpic
FK Partizan,dde3e804,Serbia,SRB,UEFA,Partizan
FK Partizani Tirana,3ba2fddf,Albania,ALB,UEFA,Partizani Tirana|Partizani
FK Pelister,6d2aac76,North Macedonia,MKD,UEFA,FK Pelister
FK Rabotnički,4ebc9920,North Macedonia,MKD,UEFA,FK Rabotnički
FK Radnički Niš,72804f2b,Serbia,SRB,UEFA,Radnički Niš
FK Radnik Bijeljina,7e4fae05,Bosnia and Herzegovina,BIH,UEFA,Radnik Bijeljina|Bijeljina
FK Renova,623ecff4,North Macedonia,MKD,UEFA,FK Renova
FK Rīgas Futbola skola,7c90642e,Latvia,LVA,UEFA,FK Rīgas FS
FK Riteriai,49a61d12,Lithuania,LTU,UEFA,Trakai|Riteriai
FK Rudar Pljevlja,fe8bc2a6,Montenegro,MNE,UEFA,FK Rudar Pljevlja
FK Sarajevo,fac9957a,Bosnia and Herzegovina,BIH,UEFA,FK Sarajevo|Sarajevo
FK Shkëndija,c480c810,North Macedonia,MKD,UEFA,FK Shkëndija|Shkëndija 79
FK Shkupi,7416e9cd,North Macedonia,MKD,UEFA,FK Shkupi|Shkupi Skopje
FK Sileks,0a6448a7,North Macedonia,MKD,UEFA,FK Sileks
FK Sloboda Tuzla,a3548289,Bosnia and Herzegovina,BIH,UEFA,Sloboda Tuzla
FK Spartak Subotica,6d139ec5,Serbia,SRB,UEFA,Spartak Subotic
FK Spartaks Jūrmala,654ac5a4,Latvia,LVA,UEFA,Spartaks Jūrmala
FK Sūduva Marijampolė,9e3153f3,Lithuania,LTU,UEFA,Sūduva|FK Sūduva
FK Sutjeska Nikšić,55ff3845,Montenegro,MNE,UEFA,Sutjeska Nikšić|Sutjeska Nik
FK Turnovo,3927dae8,North Macedonia,MKD,UEFA,FK Turnovo
FK Vardar,5b47810a,North Macedonia,MKD,UEFA,FK Vardar
FK Ventspils,869a3b6a,Latvia,LVA,UEFA,FK Ventspils|Ventspils
FK Vojvodina,278db974,Serbia,SRB,UEFA,Vojvodina
FK Željezničar Sarajevo,ee945014,Bosnia and Herzegovina,BIH,UEFA,Željezničar
FK Zeta,bda134f7,Montenegro,MNE,UEFA,FK Zeta|Zeta
Flamurtari Vlorë,3d81ccdb,Albania,ALB,UEFA,Flamurtari Vlorë
Floriana FC,9c088d4e,Malta,MLT,UEFA,Floriana FC
Gabala FK,a1962466,Azerbaijan,AZE,UEFA,Gabala FK|Qəbələ
Galatasaray SK,ecd11ca2,Turkey,TUR,UEFA,Galatasaray
Gandzasar Kapan FC,5f2630fb,Armenia,ARM,UEFA,Gandzasar
Gap Connah's Quay FC,7d326cbe,Wales,WAL,UEFA,Connah's Quay
GKS Piast Gliwice,ad2649a5,Poland,POL,UEFA,Piast Gliwice
Glenavon FC,b3b6ca5d,Northern Ireland,NIR,UEFA,Glenavon FC
Glentoran FC,eaa4ec68,Northern Ireland,NIR,UEFA,Glentoran FC
GNK Dinamo Zagreb,edd0d381,Croatia,CRO,UEFA,Dinamo Zagreb
Go Ahead Eagles,e33d6108,Netherlands,NED,UEFA,Go Ahead Eag
Grasshopper Club Zürich,7b66a29c,Switzerland,SUI,UEFA,Grasshopper
Győri ETO FC,4149e9fd,Hungary,HUN,UEFA,Győr
Gżira United FC,8ab497d5,Malta,MLT,UEFA,Gżira United FC|Gzira United
Hapoel Be'er Sheva FC,133013ee,Israel,ISR,UEFA,Be'er Sheva|Hapoel BS
Hapoel Haifa FC,8ff9960d,Israel,ISR,UEFA,Hapoel Haifa FC
Hapoel Ironi Kiryat Shmona FC,4b238d92,Israel,ISR,UEFA,Kiryat Shmona
Hapoel Tel Aviv FC,8bb196a5,Israel,ISR,UEFA,Hapoel Tel Aviv
Havnar Bóltfelag,15c5743b,Faroe Islands,FRO,UEFA,Havnar Bóltfelag|HB
Heart of Midlothian FC,7c77b0bc,Scotland,SCO,UEFA,Hearts
Heracles Almelo,c882b88e,Netherlands,NED,UEFA,Heracles Almelo
Hertha BSC,2818f8bc,Germany,GER,UEFA,Hertha BSC
Hibernian FC,f3aacc58,Scotland,SCO,UEFA,Hibernian
Hibernians FC,0faf8f33,Malta,MLT,UEFA,Hibernians FC|Hibernians
HJK Helsinki,d7319d80,Finland,FIN,UEFA,HJK Helsinki|HJK
HNK Hajduk Split,6777e16d,Croatia,CRO,UEFA,Hajduk Split
HNK Rijeka,25dbe099,Croatia,CRO,UEFA,Rijeka
HŠK Zrinjski Mostar,2a6cfcb2,Bosnia and Herzegovina,BIH,UEFA,Zrinjski Mostar|Zrinjski
Hull City AFC,bd8769d1,England,ENG,UEFA,Hull City
IF Brommapojkarna,bb9e11b2,Sweden,SWE,UEFA,Brommapojkarna
IF Elfsborg,50e85bfc,Sweden,SWE,UEFA,Elfsborg
ÍF Fuglafjørður,b393ffaf,Faroe Islands,FRO,UEFA,ÍF Fuglafjørður
IFK Göteborg,ef1ab26a,Sweden,SWE,UEFA,Göteborg
IFK Mariehamn,c4e86b86,Finland,FIN,UEFA,IFK Mariehamn
IFK Norrköping,1d0836d6,Sweden,SWE,UEFA,Norrköping
Internazionale,d609edc0,Italy,ITA,UEFA,Inter
Inverness Caledonian Thistle FC,4463fecb,Scotland,SCO,UEFA,Inverness CT
İstanbul Başakşehir FK,bff39cf5,Turkey,TUR,UEFA,Başakşehir
Íþróttabandalag Vestmannaeyja,e0afb445,Iceland,ISL,UEFA,ÍBV
Jagiellonia Białystok,4f7b798d,Poland,POL,UEFA,Jagiellonia
Jeunesse Esch,f1849f98,Luxembourg,LUX,UEFA,Jeunesse Esch
JK Narva Trans,8a9775ad,Estonia,EST,UEFA,JK Narva Trans|Narva Trans
JK Sillamäe Kalev,7bc6abf1,Estonia,EST,UEFA,Sillamäe Kalev
Juventus,e0652b02,Italy,ITA,UEFA,Juventus
KAA Gent,51e5a603,Belgium,BEL,UEFA,Gent
Kapaz PFK,820a1312,Azerbaijan,AZE,UEFA,Kapaz PFK
Kardemir Karabükspor,30f3de93,Turkey,TUR,UEFA,Karabükspor
Keşla FK,63866313,Azerbaijan,AZE,UEFA,Inter Baku|Keşla
KF Drita,77b23ba3,Kosovo,KVX,UEFA,KF Drita
KF Feronikeli,abffa138,Albania,ALB,UEFA,Feronikeli
KF Laçi,7a40cd8b,Albania,ALB,UEFA,KF Laçi|Laçi
KF Skënderbeu Korçë,df526548,Albania,ALB,UEFA,Skënderbeu Korçë
KF Teuta Durrës,2b924bc5,Albania,ALB,UEFA,KF Teuta Durrës|Teuta Durrës
KF Tirana,83310fa5,Albania,ALB,UEFA,KF Tirana
KF Trepça'89,cc98b556,Kosovo,KVX,UEFA,KF Trepça'89
KGHM Zagłębie Lubin,3458af25,Poland,POL,UEFA,Zagłębie Lubin
KÍ Klaksvík,869753d6,Faroe Islands,FRO,UEFA,KÍ Klaksvík|KÍ
Kilmarnock FC,25f1fd26,Scotland,SCO,UEFA,Kilmarnock
KKS Lech Poznań,fdba14df,Poland,POL,UEFA,Lech Poznań
Knattspyrnufélag Reykjavíkur,ae156985,Iceland,ISL,UEFA,KR Reykjavík
Knattspyrnufélagið Fram,5a8bd0bd,Iceland,ISL,UEFA,Fram Reykjavík
Knattspyrnufélagið Víkingur,ead990c4,Iceland,ISL,UEFA,Víkingur Reyk
KRC Genk,1e972a99,Belgium,BEL,UEFA,Genk
KS Cracovia,6e7c9b0b,Poland,POL,UEFA,Cracovia
KS Górnik Zabrze,d2f21b23,Poland,POL,UEFA,Górnik Zabrze
KS Lechia Gdańsk,5d36c8f0,Poland,POL,UEFA,Lechia Gdańsk
KS Ruch Chorzów,c39b0fab,Poland,POL,UEFA,Ruch Chorzów
Kuopion PS,e6f63673,Finland,FIN,UEFA,KuPS
KV Oostende,95b895fe,Belgium,BEL,UEFA,Oostende
LASK Linz,d20821dd,Austria,AUT,UEFA,LASK Linz
Legia Warsaw,a73408a7,Poland,POL,UEFA,Legia Warsaw
Leicester City FC,a2d435b3,England,ENG,UEFA,Leicester City
Lille OSC,cb188c0c,France,FRA,UEFA,Lille
Lillestrøm SK,924759ab,Norway,NOR,UEFA,Lillestrøm
Lincoln Red Imps FC,2d3c1b6d,Gibraltar,GIB,UEFA,Red Imps|Lincoln
Linfield FC,4c96013a,Northern Ireland,NIR,UEFA,Linfield FC|Linfield
Liverpool FC,822bd0ba,England,ENG,UEFA,Liverpool
Llandudno FC,63235dc5,Wales,WAL,UEFA,Llandudno FC
Luftëtari Gjirokastër,0e3f0159,Albania,ALB,UEFA,Luftëtari
Lyngby BK,713d0672,Denmark,DEN,UEFA,Lyngby
Maccabi Haifa FC,187832f5,Israel,ISR,UEFA,Maccabi Haifa
Maccabi Tel Aviv FC,04c011d8,Israel,ISR,UEFA,Maccabi Tel Aviv|Maccabi TA
Malmö FF,f3d8c8b9,Sweden,SWE,UEFA,Malmö
Manchester City FC,b8fd03ef,England,ENG,UEFA,Manchester City
Manchester United FC,19538871,England,ENG,UEFA,Manchester Utd
MFK Košice,f75c6442,Slovakia,SVK,UEFA,MFK Košice
MFK Ružomberok,356c100c,Slovakia,SVK,UEFA,Ružomberok|MFK Ružomberok
MKS Arka Gdynia,d51bc6dd,Poland,POL,UEFA,Arka Gdynia
MOL Fehérvár FC,a338349f,Hungary,HUN,UEFA,Videoton|Vidi|Fehérvár
Molde FK,174bd5a0,Norway,NOR,UEFA,Molde
Motherwell FC,9d04848a,Scotland,SCO,UEFA,Motherwell
MŠK Žilina,e5dea1f1,Slovakia,SVK,UEFA,MŠK Žilina
MTK Budapest FC,e44db2c6,Hungary,HUN,UEFA,MTK Budapest
Myllykosken Pallo −47,251418b2,Finland,FIN,UEFA,MYPA
ND Gorica,e404a61d,Slovenia,SVN,UEFA,ND Gorica
Neftchi PFK,d0ab5e26,Azerbaijan,AZE,UEFA,Neftchi PFK|Neftçi
Newtown AFC,584106a8,Wales,WAL,UEFA,Newtown AFC
NK Celje,c56c28b0,Slovenia,SVN,UEFA,NK Celje
NK Domžale,8ac05d3e,Slovenia,SVN,UEFA,NK Domžale|Domžale
NK Lokomotiva,ea115eb3,Croatia,CRO,UEFA,Lokomotiva
NK Maribor,2aae7689,Slovenia,SVN,UEFA,NK Maribor|Maribor
NK Olimpija Ljubljana,8ae75624,Slovenia,SVN,UEFA,Olimpija|Olimpija Ljubl
NK Osijek,57d14db5,Croatia,CRO,UEFA,Osijek
NK Rudar Velenje,933ac71c,Slovenia,SVN,UEFA,Rudar Velenje
NK Široki Brijeg,584d189a,Bosnia and Herzegovina,BIH,UEFA,NK Široki Brijeg|Široki Brijeg
Nõmme Kalju FC,33afefe1,Estonia,EST,UEFA,Nõmme Kalju FC|Nõmme Kalju
NŠ Mura,43a5e45a,Slovenia,SVN,UEFA,NŠ Mura
NSÍ Runavík,448e1bb9,Faroe Islands,FRO,UEFA,NSÍ Runavík
Odds BK,b70ec3fa,Norway,NOR,UEFA,Odd
OFK Titograd,8dc7bf66,Montenegro,MNE,UEFA,Mladost|OFK Titograd|Titograd
OGC Nice,132ebc33,France,FRA,UEFA,Nice
Olympiacos FC,2fdb4aef,Greece,GRE,UEFA,Olympiacos
Olympique de Marseille,5725cc7b,France,FRA,UEFA,Marseille
Olympique Lyonnais,d53c0b06,France,FRA,UEFA,Lyon
Osmanlıspor FK,ed6b1d21,Turkey,TUR,UEFA,Osmanlıspor
Östersunds FK,577e2606,Sweden,SWE,UEFA,Östersund
Panathinaikos FC,f3a5726c,Greece,GRE,UEFA,Panathinaikos
Panionios FC,1ad6cc2c,Greece,GRE,UEFA,Panionios
PAOK FC,5a5e7874,Greece,GRE,UEFA,PAOK
Paris Saint-Germain FC,e2d8892c,France,FRA,UEFA,Paris S-G
PAS Giannina,6507d2b8,Greece,GRE,UEFA,PAS Giannina
PEC Zwolle,e3db180b,Netherlands,NED,UEFA,Zwolle
PFC Beroe Stara Zagora,ab7b2fe7,Bulgaria,BUL,UEFA,Beroe
PFC Botev Plovdiv,e56e174a,Bulgaria,BUL,UEFA,Botev Plovdiv
PFC Cherno More Varna,f61e60c9,Bulgaria,BUL,UEFA,Cherno More
PFC CSKA Moscow,f0c0c2c2,Russia,RUS,UEFA,CSKA Moscow
PFC CSKA Sofia,cbde2682,Bulgaria,BUL,UEFA,CSKA Sofia
PFC Levski Sofia,3a7a27c6,Bulgaria,BUL,UEFA,Levski Sofia
PFC Litex Lovech,835be610,Bulgaria,BUL,UEFA,Litex Lovech
PFC Lokomotiv Plovdiv,e0242ef1,Bulgaria,BUL,UEFA,Loko Plovdiv
PFC Ludogorets Razgrad,488c6ba1,Bulgaria,BUL,UEFA,Ludogorets
PFC Slavia Sofia,b35f18af,Bulgaria,BUL,UEFA,Slavia Sofia
PSV Eindhoven,e334d850,Netherlands,NED,UEFA,PSV Eindhoven
Qarabağ FK,44b65410,Azerbaijan,AZE,UEFA,Qarabağ FK|Qarabağ Ağdam
R. Charleroi SC,140e320a,Belgium,BEL,UEFA,Charleroi
Racing FC Union Luxembourg,406252ea,Luxembourg,LUX,UEFA,Racing Lux'bg
Randers FC,d06bc460,Denmark,DEN,UEFA,Randers
Rangers FC,86b7acd2,Scotland,SCO,UEFA,Rangers
RB Leipzig,acbb6a5b,Germany,GER,UEFA,RB Leipzig
RC Strasbourg Alsace,c0d3eab4,France,FRA,UEFA,Strasbourg
RCD Espanyol,a8661628,Spain,ESP,UEFA,Espanyol
Real Betis,fc536746,Spain,ESP,UEFA,Betis
Real Madrid CF,53a2f082,Spain,ESP,UEFA,Real Madrid
Real Sociedad,e31d1cd9,Spain,ESP,UEFA,Real Sociedad
Red Star Belgrade,099c6eb5,Serbia,SRB,UEFA,Red Star
Riga FC,91cc0413,Latvia,LVA,UEFA,Riga FC|Rīga FC
Rio Ave FC,eea856da,Portugal,POR,UEFA,Rio Ave
RNK Split,27b6696c,Croatia,CRO,UEFA,RNK Split
Rosenborg BK,90e37d3a,Norway,NOR,UEFA,Rosenborg
Rovaniemen PS,4fea542b,Finland,FIN,UEFA,RoPS
Royal Antwerp FC,c2e6b53b,Belgium,BEL,UEFA,Antwerp
RSC Anderlecht,08ad393c,Belgium,BEL,UEFA,Anderlecht
S.P. La Fiorita,6de42722,San Marino,SMR,UEFA,S.P. La Fiorita|La Fiorita
S.P. Tre Fiori,017bcbe4,San Marino,SMR,UEFA,S.P. Tre Fiori|SP Tre Fiori
S.P. Tre Penne,aaffe678,San Marino,SMR,UEFA,S.P. Tre Penne|Tre Penne
Sabail FK,6642b67e,Azerbaijan,AZE,UEFA,Səbail FK
Sarpsborg 08 FF,47b3e736,Norway,NOR,UEFA,Sarpsborg 08
SC Braga,69d84c29,Portugal,POR,UEFA,Braga
SC Freiburg,a486e511,Germany,GER,UEFA,Freiburg
SC Rheindorf Altach,80beba99,Austria,AUT,UEFA,SCR Altach
Seinäjoen SJK,c889f292,Finland,FIN,UEFA,SJK Seinäjoki
Sevilla FC,ad2be733,Spain,ESP,UEFA,Sevilla
Shamrock Rovers FC,f082c4f3,Ireland,IRL,UEFA,Shamrock Rov
SK Brann,aeae4fe1,Norway,NOR,UEFA,Brann
SK Rapid Wien,912e4c40,Austria,AUT,UEFA,Rapid Wien
SK Sigma Olomouc,41c6978d,Czech Republic,CZE,UEFA,Sigma Olomouc
SK Slavia Prague,111cbfb1,Czech Republic,CZE,UEFA,Slavia Prague
ŠK Slovan Bratislava,ae7f2f70,Slovakia,SVK,UEFA,ŠK Slovan Bratislava|Slovan Bratislava|Sl. Bratislava
SK Sturm Graz,3f4fe568,Austria,AUT,UEFA,Sturm Graz
SKN St. Pölten,f722bd04,Austria,AUT,UEFA,St. Pölten
Skonto FC,89873a40,Latvia,LVA,UEFA,Skonto FC
SL Benfica,a77c513e,Portugal,POR,UEFA,Benfica
Sliema Wanderers FC,7465f27b,Malta,MLT,UEFA,Sliema
Sligo Rovers FC,0baacc84,Ireland,IRL,UEFA,Sligo Rovers FC
SønderjyskE Fodbold,7700eac9,Denmark,DEN,UEFA,SønderjyskE
Southampton FC,33c895d4,England,ENG,UEFA,Southampton
SP Zawisza Bydgoszcz,25a0a787,Poland,POL,UEFA,Zawisza
Spartak Myjava,591295f1,Slovakia,SVK,UEFA,Spartak Myjava
Speranța Nisporeni,78b01d1b,Moldova,MDA,UEFA,Speranţa
Sporting CP,13dc44fd,Portugal,POR,UEFA,Sporting CP
Sporting Lokeren,bada91db,Belgium,BEL,UEFA,Lokeren
SS Folgore Falciano Calcio,c582b1da,San Marino,SMR,UEFA,Folgore
SS Lazio,7213da33,Italy,ITA,UEFA,Lazio
SSC Napoli,d48ad4ff,Italy,ITA,UEFA,Napoli
St Johnstone FC,dd289621,Scotland,SCO,UEFA,St Johnstone
St Patrick's Athletic FC,8a814429,Ireland,IRL,UEFA,St Patrick's|St. Patrick's
St. Joseph's FC,bb780485,Gibraltar,GIB,UEFA,St. Joseph's
Stabæk Fotball,c2153ae4,Norway,NOR,UEFA,Stabæk
Stade Rennais FC,b3072e00,France,FRA,UEFA,Rennes
Standard Liège,33c6b26e,Belgium,BEL,UEFA,Standard Liège
Stjarnan,f13065a8,Iceland,ISL,UEFA,Stjarnan
Strømsgodset Toppfotball,90eb0dcc,Norway,NOR,UEFA,Strømsgodset
SV Grödig,d40080b0,Austria,AUT,UEFA,Grödig
SV Zulte Waregem,ecd34b98,Belgium,BEL,UEFA,Zulte Waregem
The New Saints FC,fd12ff13,Wales,WAL,UEFA,The New Saints
Torino FC,105360fe,Italy,ITA,UEFA,Torino
Tottenham Hotspur FC,361ca564,England,ENG,UEFA,Tottenham
Trabzonspor,c8ad3091,Turkey,TUR,UEFA,Trabzonspor
Tromsø IL,a3ee587a,Norway,NOR,UEFA,Tromsø
TSG 1899 Hoffenheim,033ea6b8,Germany,GER,UEFA,Hoffenheim
UC Sampdoria,8ff9e3b3,Italy,ITA,UEFA,Sampdoria
UE Engordany,b784c866,Andorra,AND,UEFA,UE Engordany|Engordany
UE Sant Julià,78816dd0,Andorra,AND,UEFA,UE Sant Julià
UE Santa Coloma,84a33cca,Andorra,AND,UEFA,Santa Coloma
Újpest FC,108607cf,Hungary,HUN,UEFA,Újpest
Ulisses FC,3bc8afc5,Armenia,ARM,UEFA,Ulisses FC
University College Dublin AFC,04dcef70,Ireland,IRL,UEFA,UC Dublin
US Sassuolo Calcio,e2befd26,Italy,ITA,UEFA,Sassuolo
Vaasan PS,8b63ce55,Finland,FIN,UEFA,VPS
Valencia CF,dcc91a7b,Spain,ESP,UEFA,Valencia
Valletta FC,3f53cc7a,Malta,MLT,UEFA,Valletta FC|Valletta
Valur,b838366a,Iceland,ISL,UEFA,Valur
Vasas FC,bbb935cb,Hungary,HUN,UEFA,Vasas
VfL Wolfsburg,4eaa11d7,Germany,GER,UEFA,Wolfsburg
Víkingur Gøta,ea73b616,Faroe Islands,FRO,UEFA,Víkingur Gøta
Villarreal CF,2a8183b3,Spain,ESP,UEFA,Villarreal
Vitesse Arnhem,209d7fa2,Netherlands,NED,UEFA,Vitesse
Vitória de Guimarães,3f319bc9,Portugal,POR,UEFA,Vitória
VMFD Žalgiris Vilnius,4c6489de,Lithuania,LTU,UEFA,Žalgiris
West Ham United FC,7c21e445,England,ENG,UEFA,West Ham
WKS Śląsk Wrocław,c582b57f,Poland,POL,UEFA,Śląsk Wrocław
Wolfsberger AC,426658a6,Austria,AUT,UEFA,Wolfsberger AC
Wolverhampton Wanderers FC,8cec06e1,England,ENG,UEFA,Wolves
Yeni Malatyaspor,4cc7a87b,Turkey,TUR,UEFA,Y. Malatyaspor
Zira FK,ffb7956e,Azerbaijan,AZE,UEFA,Zira
